nome,cpf,idade,data,endereco,bairro,estado
Sr. Vitor Gabriel Silva,640.***.***-01,90,92.0,"trevo emanuel silva, 482",vila tirol,Desconhecido
Calebe Santos,651.***.***-46,40,41.0,"recanto moraes, 7",ernesto nascimento,Desconhecido
Maria Julia Castro,164.***.***-43,76,78.0,"residencial de pereira, 20",jatobá,Desconhecido
Arthur Da Rosa,085.***.***-30,53,55.0,"parque almeida, 66",vila suzana segunda seção,Desconhecido
Juan Pereira,520.***.***-21,68,69.0,"rodovia de pereira, 51",estrela,Desconhecido
Dra. Ana Laura Ribeiro,210.***.***-20,69,71.0,esplanada lavínia ramos,são francisco,Desconhecido
Maria Clara Araújo,960.***.***-80,41,42.0,"praça cavalcanti, 65",conjunto celso machado,Desconhecido
Vitória Oliveira,302.***.***-83,31,32.0,"esplanada monteiro, 88",conjunto paulo vi,Desconhecido
Benjamin Oliveira,451.***.***-84,49,51.0,"ladeira monteiro, 57",vila primeiro de maio,Desconhecido
Pietro Barros,843.***.***-50,51,53.0,"recanto luiz miguel jesus, 35",vila aeroporto jaraguá,Desconhecido
Samuel Cavalcanti,520.***.***-01,89,90.0,"ladeira de porto, 38",nova america,Desconhecido
Ian Da Costa,384.***.***-78,23,23.0,"via de jesus, 57",vila da amizade,Desconhecido
Dr. Emanuel Costa,736.***.***-19,55,56.0,"lago castro, 94",mariano de abreu,Desconhecido
Larissa Da Cruz,128.***.***-60,83,84.0,"setor isadora da rosa, 583",chácara leonina,Desconhecido
Diogo Carvalho,078.***.***-97,83,84.0,"viaduto pedro lucas cavalcanti, 49",tiradentes,Desconhecido
Sr. Anthony Almeida,305.***.***-60,37,38.0,"rua vitor hugo pinto, 21",anchieta,Desconhecido
Clara Martins,397.***.***-86,77,78.0,"rodovia aragão, 245",conjunto lagoa,Desconhecido
Dr. Luiz Felipe Cardoso,374.***.***-20,69,71.0,"alameda de lima, 65",boa esperança,Desconhecido
Sr. Calebe Lopes,135.***.***-77,62,64.0,"trecho lucas sales, 24",dom bosco,Desconhecido
Miguel Monteiro,097.***.***-41,54,55.0,"passarela igor novaes, 89",pompéia,Desconhecido
Srta. Catarina Da Mata,468.***.***-57,81,83.0,"sítio luna carvalho, 98",novo santa cecilia,Desconhecido
João Gabriel Araújo,625.***.***-25,73,75.0,"esplanada de castro, 4",vila nova cachoeirinha 1ª seção,Desconhecido
Sr. Nicolas Azevedo,036.***.***-33,35,36.0,"estrada de aragão, 1",vila barragem santa lúcia,Desconhecido
Kamilly Caldeira,508.***.***-47,44,46.0,via gabriela nascimento,madre gertrudes,Desconhecido
Renan Araújo,186.***.***-57,79,80.0,"travessa vinicius da mata, 52",alta tensão 1ª seção,Desconhecido
Vicente Nascimento,054.***.***-32,63,63.0,largo vieira,milionario,Desconhecido
Isaac Rocha,873.***.***-69,57,58.0,"área lucas gabriel silveira, 51",anchieta,Desconhecido
Julia Das Neves,819.***.***-05,60,61.0,"jardim isabelly gomes, 23",nossa senhora de fátima,Desconhecido
Breno Rodrigues,196.***.***-34,95,96.0,distrito de silveira,dona clara,Desconhecido
Isabel Nogueira,968.***.***-65,63,64.0,travessa ana júlia da rocha,miramar,Desconhecido
Anthony Araújo,208.***.***-26,38,40.0,"avenida milena pires, 360",vila rica,Desconhecido
Sra. Marina Da Cunha,067.***.***-95,55,57.0,"rodovia marcelo souza, 25",estrela,Desconhecido
Helena Cardoso,853.***.***-39,51,52.0,"pátio alexandre teixeira, 243",indaiá,Desconhecido
Luigi Nunes,593.***.***-24,50,52.0,"via clara da rosa, 928",castelo,Desconhecido
Srta. Raquel Da Costa,278.***.***-09,58,60.0,"estação ribeiro, 46",venda nova,Desconhecido
Sra. Ana Vitória Oliveira,120.***.***-17,60,62.0,"sítio de cavalcanti, 97",juliana,Desconhecido
Luiza Campos,974.***.***-03,52,53.0,"condomínio de rodrigues, 52",conjunto providencia,Desconhecido
Lucca Da Paz,526.***.***-95,71,73.0,"rodovia vieira, 63",conjunto taquaril,Desconhecido
Nathan Da Rosa,907.***.***-25,31,33.0,"recanto de da conceição, 1",paraíso,Desconhecido
Lívia Silveira,804.***.***-85,61,62.0,"setor de azevedo, 375",castanheira,Desconhecido
Isabel Cavalcanti,492.***.***-04,54,56.0,"ladeira pietra cunha, 13",vista alegre,Desconhecido
Rafael Nunes,285.***.***-76,38,39.0,"vereda davi lucca barbosa, 35",estrela do oriente,Desconhecido
Elisa Fogaça,572.***.***-92,95,97.0,"rodovia ana júlia araújo, 68",vila real 2ª seção,Desconhecido
Agatha Ramos,948.***.***-85,23,25.0,"distrito de barros, 41",suzana,Desconhecido
Kamilly Rocha,946.***.***-48,59,61.0,"feira campos, 17",cruzeiro,Desconhecido
Antônio Das Neves,435.***.***-82,40,41.0,"avenida vitor hugo cardoso, 34",vila são rafael,Desconhecido
Luiz Gustavo Alves,198.***.***-10,45,47.0,"rodovia de souza, 63",vila nova dos milionarios,Desconhecido
Emanuella Fernandes,097.***.***-96,87,88.0,"residencial ian da paz, 6",padre eustáquio,Desconhecido
Srta. Ana Beatriz Farias,431.***.***-39,62,64.0,"ladeira de da paz, 98",jardim dos comerciarios,Desconhecido
Yago Monteiro,865.***.***-00,44,45.0,"ladeira pereira, 21",buraco quente,Desconhecido
Yasmin Gonçalves,017.***.***-14,76,77.0,"área barros, 46",salgado filho,Desconhecido
Bruna Nascimento,132.***.***-52,34,36.0,"vereda luiz felipe costa, 70",minaslandia,Desconhecido
Davi Luiz Nogueira,873.***.***-50,97,99.0,"vila sales, 97",paquetá,Desconhecido
Ian Monteiro,324.***.***-91,24,26.0,"favela alana ribeiro, 318",casa branca,Desconhecido
Srta. Helena Silva,905.***.***-01,35,37.0,"parque freitas, 82",ouro minas,Desconhecido
Bárbara Novaes,038.***.***-15,88,89.0,"trecho bryan da cunha, 1",betânia,Desconhecido
Sr. Pedro Lucas Costela,534.***.***-00,30,31.0,esplanada moreira,pindura saia,Desconhecido
Rafael Jesus,673.***.***-80,22,24.0,"campo de barros, 16",silveira,Desconhecido
Sra. Alícia Caldeira,051.***.***-70,89,91.0,"distrito esther campos, 264",apolonia,Desconhecido
Danilo Martins,760.***.***-39,99,99.0,"largo pires, 78",bacurau,Desconhecido
Sr. Gabriel Da Rosa,530.***.***-53,49,51.0,campo isabelly freitas,novo santa cecilia,Desconhecido
Augusto Teixeira,412.***.***-16,69,71.0,favela maria novaes,savassi,Desconhecido
Ana Julia Da Rosa,630.***.***-65,42,44.0,"trevo moraes, 5",cônego pinheiro 1ª seção,Desconhecido
Lucca Barbosa,836.***.***-77,97,99.0,"rua mendes, 337",penha,Desconhecido
Amanda Da Costa,268.***.***-29,23,25.0,"lagoa cardoso, 1",ambrosina,Desconhecido
Dr. Francisco Cardoso,430.***.***-50,96,97.0,"lago maitê campos, 31",braúnas,Desconhecido
Lorena Farias,268.***.***-82,92,94.0,"residencial barbosa, 44",zilah sposito,Desconhecido
Anthony Da Costa,935.***.***-97,36,37.0,"recanto de rocha, 68",conjunto califórnia i,Desconhecido
Cauã Rodrigues,107.***.***-87,98,99.0,"vale gustavo henrique alves, 50",vila madre gertrudes 4ª seção,Desconhecido
Anthony Barbosa,631.***.***-00,86,88.0,vila farias,vila satélite,Desconhecido
Ana Julia Almeida,179.***.***-09,22,24.0,"fazenda de porto, 3",senhor dos passos,Desconhecido
Milena Barros,314.***.***-51,73,75.0,"setor miguel pires, 3",ermelinda,Desconhecido
Murilo Gomes,759.***.***-93,99,100.0,morro de castro,vila pilar,Desconhecido
Daniel Barbosa,812.***.***-98,28,30.0,"praça ferreira, 764",vila sumaré,Desconhecido
Dr. Samuel Cardoso,039.***.***-96,47,48.0,"vereda cauê novaes, 14",conjunto califórnia ii,Desconhecido
Ana Laura Sales,863.***.***-22,78,79.0,"fazenda de pinto, 42",são jorge 1ª seção,Desconhecido
Mariana Cunha,492.***.***-25,81,82.0,"loteamento luiz felipe teixeira, 87",novo ouro preto,Desconhecido
Sr. João Guilherme Cavalcanti,347.***.***-70,38,39.0,"quadra emanuella da conceição, 29",cruzeiro,Desconhecido
Kamilly Rocha,365.***.***-10,63,64.0,"rodovia danilo costa, 17",alta tensão 2ª seção,Desconhecido
Gabriel Nunes,940.***.***-04,55,56.0,vila stephany lima,vista do sol,Desconhecido
Rafael Correia,579.***.***-05,72,73.0,"morro de cardoso, 47",marçola,Desconhecido
Ana Lívia Barbosa,925.***.***-60,62,63.0,lagoa sarah azevedo,monsenhor messias,Desconhecido
Maitê Teixeira,694.***.***-39,90,92.0,"loteamento oliveira, 29",camponesa 1ª seção,Desconhecido
Carlos Eduardo Santos,937.***.***-37,69,69.0,"largo nascimento, 97",delta,Desconhecido
Enzo Gabriel Araújo,349.***.***-96,70,72.0,Endereco invalido,Desconhecido,Desconhecido
Breno Moreira,184.***.***-49,40,40.0,"aeroporto de das neves, 7",vila sumaré,Desconhecido
Julia Lopes,106.***.***-31,47,48.0,"conjunto de cardoso, 5",vila minaslandia,Desconhecido
André Lima,645.***.***-70,79,81.0,viaduto cardoso,belmonte,Desconhecido
João Gabriel Barbosa,190.***.***-67,55,55.0,fazenda de barros,boa esperança,Desconhecido
,438.***.***-56,21,23.0,colônia maria vitória moura,aarão reis,Desconhecido
João Felipe Oliveira,830.***.***-00,42,44.0,avenida de cardoso,madre gertrudes,Desconhecido
Samuel Vieira,218.***.***-53,39,41.0,"lagoa leandro caldeira, 1",chácara leonina,Desconhecido
Lucca Ferreira,237.***.***-19,86,86.0,"esplanada de das neves, 5",andiroba,Desconhecido
Samuel Castro,582.***.***-70,70,71.0,"praia eloah da mata, 95",cachoeirinha,Desconhecido
Maria Vitória Teixeira,426.***.***-25,61,63.0,"praia carvalho, 7",vila nova,Desconhecido
Maria Fernanda Farias,907.***.***-20,22,24.0,"área de correia, 44",chácara leonina,Desconhecido
Fernanda Sales,879.***.***-32,71,72.0,"vale lorenzo almeida, 80",vila mantiqueira,Desconhecido
Srta. Eduarda Nogueira,602.***.***-07,66,67.0,chácara isadora das neves,vila da amizade,Desconhecido
Maitê Ferreira,016.***.***-99,65,66.0,estação cunha,calafate,Desconhecido
Catarina Pires,079.***.***-11,47,47.0,"loteamento de lima, 1",vila primeiro de maio,Desconhecido
Manuela Da Rocha,839.***.***-57,74,75.0,"alameda de gonçalves, 79",saudade,Desconhecido
Nina Moura,604.***.***-25,46,47.0,"quadra bernardo ferreira, 85",marieta 1ª seção,Desconhecido
Pedro Henrique Vieira,526.***.***-03,42,44.0,"rodovia alícia dias, 58",vila boa vista,Desconhecido
Ana Clara Cunha,862.***.***-02,36,38.0,"rua de cavalcanti, 8",vila da paz,Desconhecido
Pietra Santos,508.***.***-67,94,96.0,"esplanada de silva, 1",vila puc,Desconhecido
Sr. Theo Da Conceição,284.***.***-14,25,27.0,"viaduto de freitas, 12",centro,Desconhecido
Vinicius Da Costa,023.***.***-16,65,67.0,"recanto valentina pinto, 52",satelite,Desconhecido
Pedro Henrique Cunha,519.***.***-93,58,60.0,"passarela de santos, 501",vila atila de paiva,Desconhecido
Davi Nogueira,564.***.***-11,74,76.0,"morro lucca da rocha, 40",bandeirantes,Desconhecido
Luiz Fernando Da Paz,409.***.***-11,80,81.0,"praça de da paz, 5",conjunto jardim filadélfia,Desconhecido
Srta. Letícia Rocha,137.***.***-32,76,78.0,"fazenda joão felipe souza, 78",nova pampulha,Desconhecido
João Nogueira,367.***.***-10,91,91.0,"rodovia cauê monteiro, 50",heliopolis,Desconhecido
João Gabriel Cardoso,962.***.***-34,53,55.0,"área de ferreira, 20",vila independencia 2ª seção,Desconhecido
Ryan Ribeiro,409.***.***-48,95,97.0,"núcleo almeida, 41",vila são paulo,Desconhecido
Olivia Das Neves,314.***.***-55,23,23.0,"lagoa de vieira, 25",paquetá,Desconhecido
Sr. Luiz Miguel Pinto,942.***.***-76,55,57.0,"conjunto da luz, 6",chácara leonina,Desconhecido
Elisa Teixeira,217.***.***-73,79,81.0,"ladeira de rodrigues, 58",vila são francisco,Desconhecido
Pedro Miguel Das Neves,523.***.***-03,59,61.0,"jardim de nascimento, 7",engenho nogueira,Desconhecido
Maria Luiza Azevedo,064.***.***-47,76,77.0,"quadra de da cruz, 42",vila jardim montanhes,Desconhecido
Lorenzo Silva,642.***.***-13,47,49.0,"conjunto de da cruz, 1",mariano de abreu,Desconhecido
Bianca Souza,673.***.***-40,97,98.0,"colônia francisco campos, 7",vila betânia,Desconhecido
Vitor Azevedo,643.***.***-20,70,72.0,largo de barbosa,vila nova gameleira 1ª seção,Desconhecido
Enzo Gabriel Lima,187.***.***-94,57,57.0,aeroporto rezende,santo antônio,Desconhecido
Eduarda Cunha,093.***.***-32,59,61.0,"campo de pinto, 72",santana do cafezal,Desconhecido
Sra. Nicole Da Rocha,367.***.***-03,79,81.0,"setor de ferreira, 742",vila antena,Desconhecido
Ana Clara Santos,430.***.***-04,35,37.0,"ladeira de sales, 15",vila são francisco,Desconhecido
Enzo Gabriel Castro,694.***.***-65,96,98.0,ladeira de teixeira,são geraldo,Desconhecido
Nicole Ferreira,701.***.***-22,28,29.0,"aeroporto duarte, 9",funcionários,Desconhecido
Erick Sales,498.***.***-48,37,39.0,"trecho de martins, 51",vila santa monica 1ª seção,Desconhecido
Anthony Barros,742.***.***-07,42,43.0,"vila alexia viana, 87",jardim alvorada,Desconhecido
Renan Da Rocha,986.***.***-10,53,54.0,"morro melo, 463",grajaú,Desconhecido
Marcela Santos,843.***.***-42,24,25.0,"residencial de aragão, 65",planalto,Desconhecido
Carolina Melo,970.***.***-05,39,41.0,"vereda kamilly da rosa, 80",são geraldo,Desconhecido
Lavínia Rezende,946.***.***-70,44,46.0,"morro davi luiz correia, 38",vila são paulo,Desconhecido
Srta. Julia Porto,502.***.***-61,75,76.0,"distrito ana laura aragão, 90",jardim do vale,Desconhecido
Alana Cardoso,572.***.***-41,32,34.0,"favela gonçalves, 32",cônego pinheiro 1ª seção,Desconhecido
Davi Lucas Cardoso,805.***.***-83,28,30.0,"viela da paz, 92",serra,Desconhecido
Raul Santos,315.***.***-03,19,21.0,"loteamento emanuelly sales, 135",leticia,Desconhecido
Igor Melo,261.***.***-17,46,47.0,"favela oliveira, 67",vila copacabana,Desconhecido
Joaquim Da Costa,274.***.***-56,76,78.0,"condomínio campos, 38",dom bosco,Desconhecido
João Felipe Farias,936.***.***-01,28,29.0,"estação milena silva, 549",bairro das indústrias ii,Desconhecido
Manuela Almeida,647.***.***-30,75,75.0,"feira alice ramos, 3",são joão batista,Desconhecido
Ryan Rocha,248.***.***-51,64,65.0,"passarela nogueira, 8",castelo,Desconhecido
Luna Da Conceição,935.***.***-91,96,97.0,"campo campos, 82",são pedro,Desconhecido
Manuela Silva,591.***.***-73,18,20.0,"jardim beatriz farias, 11",acaba mundo,Desconhecido
Maria Vitória Das Neves,761.***.***-34,96,97.0,lagoa cavalcanti,savassi,Desconhecido
Marcela Cunha,904.***.***-32,45,47.0,"rua sales, 4",universo,Desconhecido
Bryan Souza,593.***.***-00,66,67.0,"viaduto thales costela, 23",mala e cuia,Desconhecido
Kevin Cavalcanti,658.***.***-01,48,48.0,"distrito maria moraes, 9",vila paris,Desconhecido
Sr. João Gabriel Martins,794.***.***-85,74,76.0,"esplanada de moura, 95",boa viagem,Desconhecido
Gabriela Da Mata,746.***.***-90,67,69.0,"viaduto de peixoto, 16",inconfidência,Desconhecido
Srta. Júlia Fernandes,650.***.***-98,48,50.0,"condomínio leandro da mota, 20",jatobá,Desconhecido
Bárbara Silveira,386.***.***-04,40,41.0,trevo carvalho,vila paraíso,Desconhecido
Vinicius Jesus,549.***.***-91,89,91.0,morro de duarte,pindorama,Desconhecido
Srta. Alice Pires,536.***.***-56,41,43.0,"praia ana carolina correia, 11",santa sofia,Desconhecido
Lara Ferreira,698.***.***-75,72,73.0,"rodovia de fogaça, 96",lajedo,Desconhecido
Felipe Freitas,863.***.***-01,98,99.0,"rua duarte, 85",vila real 1ª seção,Desconhecido
Maysa Pires,852.***.***-11,68,70.0,"sítio mariana almeida, 86",carlos prates,Desconhecido
Letícia Da Mata,308.***.***-31,47,49.0,"aeroporto da paz, 54",vila são dimas,Desconhecido
Luigi Cunha,623.***.***-34,92,92.0,"praia nascimento, 541",senhor dos passos,Desconhecido
Lucas Gabriel Gomes,120.***.***-40,20,20.0,"distrito de cardoso, 24",flamengo,Desconhecido
Emanuelly Costela,152.***.***-97,46,47.0,"vale de vieira, 67",suzana,Desconhecido
Calebe Nascimento,631.***.***-87,85,85.0,"trecho brenda ferreira, 25",lagoinha,Desconhecido
Juan Pires,139.***.***-46,76,77.0,"avenida de santos, 89",são pedro,Desconhecido
Lívia Costa,582.***.***-50,81,83.0,"loteamento oliveira, 12",vila da ária,Desconhecido
Davi Lucas Nunes,679.***.***-03,21,22.0,"vila viana, 68",nova cintra,Desconhecido
Dr. Lucca Oliveira,806.***.***-75,89,90.0,"passarela jesus, 34",vila jardim montanhes,Desconhecido
Eduardo Monteiro,037.***.***-65,61,63.0,viaduto caldeira,vila nova paraíso,Desconhecido
Diogo Moraes,571.***.***-52,47,48.0,"sítio aragão, 73",aguas claras,Desconhecido
Felipe Freitas,657.***.***-57,18,20.0,área gabriela nascimento,ermelinda,Desconhecido
Ryan Peixoto,830.***.***-98,27,28.0,"estrada agatha correia, 79",xodo-marize,Desconhecido
Otávio Pires,526.***.***-01,25,27.0,"pátio ribeiro, 33",vila oeste,Desconhecido
Thiago Moreira,023.***.***-03,61,62.0,"residencial rebeca da paz, 43",santa inês,Desconhecido
Pietro Lopes,428.***.***-19,61,62.0,"aeroporto moura, 81",salgado filho,Desconhecido
Gabriela Gomes,317.***.***-50,42,44.0,"parque mariane araújo, 1",flamengo,Desconhecido
João Miguel Viana,183.***.***-77,23,24.0,"estrada de carvalho, 309",funcionários,Desconhecido
Sr. Luiz Henrique Nunes,031.***.***-77,76,77.0,"via da cunha, 11",sport club,Desconhecido
Srta. Ana Sophia Viana,937.***.***-68,29,30.0,"rodovia agatha cavalcanti, 27",santo antônio,Desconhecido
Sr. Marcelo Aragão,418.***.***-40,85,87.0,praça raul pires,maria virgínia,Desconhecido
Enzo Gabriel Da Mota,018.***.***-24,30,31.0,vila farias,braúnas,Desconhecido
Benjamin Da Rosa,195.***.***-86,99,100.0,"núcleo maria luiza novaes, 100",xangri-lá,Desconhecido
Ana Rezende,316.***.***-64,68,70.0,"esplanada de da cruz, 73",eymard,Desconhecido
Dr. Thomas Dias,267.***.***-03,45,46.0,"jardim ana carolina da mota, 6",vila petropolis,Desconhecido
Breno Ribeiro,803.***.***-78,38,40.0,"vereda de costela, 27",vila de sá,Desconhecido
Lucas Gabriel Novaes,856.***.***-11,41,43.0,"trevo manuela jesus, 927",ipe,Desconhecido
Vicente Rodrigues,328.***.***-79,85,87.0,"chácara cardoso, 14",vila aeroporto,Desconhecido
João Lucas Vieira,985.***.***-05,38,40.0,"praça de oliveira, 35",conjunto santa maria,Desconhecido
Dr. Luiz Henrique Freitas,951.***.***-88,47,49.0,"residencial luigi duarte, 6",manacas,Desconhecido
Dra. Luiza Da Conceição,189.***.***-33,96,97.0,"núcleo de ferreira, 77",lagoa,Desconhecido
Benjamin Cavalcanti,317.***.***-41,26,27.0,"área de fernandes, 37",vila são dimas,Desconhecido
Murilo Mendes,653.***.***-17,77,79.0,"loteamento porto, 4",vila santo antônio,Desconhecido
Dr. Renan Rezende,609.***.***-38,65,67.0,"área de ribeiro, 688",vila vista alegre,Desconhecido
Maysa Porto,081.***.***-84,68,70.0,"pátio carlos eduardo azevedo, 76",havaí,Desconhecido
Pedro Lucas Pereira,873.***.***-35,84,85.0,"quadra almeida, 83",paquetá,Desconhecido
Isadora Nogueira,480.***.***-05,50,51.0,"feira almeida, 72",vila são dimas,Desconhecido
Gabriel Ramos,591.***.***-05,76,77.0,"viaduto de freitas, 46",novo glória,Desconhecido
Yago Ferreira,531.***.***-00,87,88.0,"ladeira agatha almeida, 27",vila copacabana,Desconhecido
Samuel Da Mata,521.***.***-11,21,22.0,"residencial cavalcanti, 50",grota,Desconhecido
Sophie Pinto,317.***.***-50,94,96.0,"colônia bryan costela, 404",suzana,Desconhecido
Dr. Rafael Souza,436.***.***-07,45,46.0,"rodovia de moreira, 6",santo agostinho,Desconhecido
Vitor Hugo Lima,450.***.***-80,85,86.0,"esplanada oliveira, 654",serra,Desconhecido
Dr. Bernardo Da Cruz,230.***.***-50,21,22.0,"rodovia thomas santos, 48",vila suzana segunda seção,Desconhecido
Caio Da Cunha,926.***.***-00,93,95.0,"vila milena porto, 70",marieta 1ª seção,Desconhecido
Stephany Duarte,642.***.***-46,97,97.0,"lagoa rebeca novaes, 77",são jorge 1ª seção,Desconhecido
Kevin Da Conceição,074.***.***-94,63,65.0,"núcleo sales, 59",novo das industrias,Desconhecido
Srta. Giovanna Aragão,142.***.***-17,76,78.0,"feira sales, 82",coração eucarístico,Desconhecido
Pedro Henrique Pinto,653.***.***-37,25,27.0,"colônia de azevedo, 22",centro,Desconhecido
Joaquim Da Cruz,532.***.***-41,30,32.0,alameda fernandes,são salvador,Desconhecido
Leandro Souza,560.***.***-86,29,31.0,"estrada de castro, 671",trevo,Desconhecido
Beatriz Aragão,805.***.***-04,52,53.0,"trecho calebe ferreira, 902",funcionários,Desconhecido
Carlos Eduardo Teixeira,546.***.***-98,48,49.0,"chácara joão gabriel correia, 983",vila batik,Desconhecido
Joana Da Rocha,915.***.***-33,46,47.0,"lago maria cecília dias, 93",marçola,Desconhecido
Lucas Gabriel Da Luz,203.***.***-70,18,20.0,via de santos,delta,Desconhecido
Davi Lucas Da Costa,502.***.***-52,18,19.0,"viela mariana ferreira, 867",cidade jardim taquaril,Desconhecido
Henrique Da Rocha,713.***.***-44,33,35.0,"via caio carvalho, 11",inconfidência,Desconhecido
Lorena Fernandes,574.***.***-93,92,93.0,residencial joão guilherme campos,vila paraíso,Desconhecido
Nathan Nogueira,837.***.***-56,44,44.0,"vereda jesus, 420",monsenhor messias,Desconhecido
Srta. Maysa Rezende,726.***.***-55,81,83.0,"setor de da mata, 49",zilah sposito,Desconhecido
Erick Santos,680.***.***-67,43,44.0,"rua lavínia da rosa, 9",pedreira padro lopes,Desconhecido
Agatha Sales,983.***.***-30,91,93.0,"setor de santos, 49",itatiaia,Desconhecido
Ana Beatriz Moreira,637.***.***-66,63,65.0,"parque thomas nogueira, 74",outro,Desconhecido
Antônio Da Rocha,943.***.***-23,26,26.0,"viela de mendes, 45",jardim leblon,Desconhecido
Dra. Vitória Viana,813.***.***-24,83,83.0,"loteamento barbosa, 28",vila madre gertrudes 2ª seção,Desconhecido
Enzo Monteiro,534.***.***-04,43,44.0,"trevo barros, 87",chácara leonina,Desconhecido
Bernardo Santos,045.***.***-29,18,20.0,"lagoa isabella viana, 20",zilah sposito,Desconhecido
Guilherme Cunha,237.***.***-02,25,25.0,"fazenda rezende, 619",vila da paz,Desconhecido
Raul Rodrigues,193.***.***-33,47,49.0,praça souza,santa inês,Desconhecido
Pietra Lima,591.***.***-39,31,31.0,"praça almeida, 81",são bento,Desconhecido
Camila Barbosa,560.***.***-59,37,39.0,"vila martins, 7",casa branca,Desconhecido
Kaique Almeida,078.***.***-02,68,69.0,"passarela de pires, 6",olhos d'água,Desconhecido
Antônio Porto,015.***.***-60,87,89.0,"aeroporto lavínia porto, 29",barreiro,Desconhecido
Alana Rezende,216.***.***-60,70,71.0,"parque de aragão, 76",cachoeirinha,Desconhecido
Vitor Almeida,134.***.***-00,42,44.0,"vale ramos, 60",vila santo antônio,Desconhecido
Isabelly Da Mota,709.***.***-48,75,77.0,loteamento nascimento,engenho nogueira,Desconhecido
Isis Oliveira,893.***.***-87,77,78.0,"esplanada joão guilherme barbosa, 39",barão homem de melo 2ª seção,Desconhecido
Carolina Gomes,845.***.***-28,31,32.0,parque nascimento,vila minaslandia,Desconhecido
Srta. Natália Rodrigues,548.***.***-88,76,77.0,"largo alves, 654",vera cruz,Desconhecido
Fernando Ramos,032.***.***-38,51,52.0,"trevo de azevedo, 36",vila barragem santa lúcia,Desconhecido
Gabriela Da Cruz,109.***.***-77,26,28.0,"área de barros, 4",vila mangueiras,Desconhecido
Noah Cavalcanti,273.***.***-60,83,84.0,"setor arthur barros, 58",vera cruz,Desconhecido
Clara Moreira,079.***.***-05,50,50.0,"largo gomes, 85",vila da paz,Desconhecido
Laura Araújo,134.***.***-25,54,55.0,"praia agatha cardoso, 1",lagoinha,Desconhecido
Dr. Luiz Otávio Sales,472.***.***-60,77,79.0,"via novaes, 81",vila são paulo,Desconhecido
Emilly Da Mata,839.***.***-83,88,90.0,"pátio castro, 51",vila trinta e um de março,Desconhecido
Kevin Rodrigues,086.***.***-50,53,55.0,"campo lima, 42",conjunto califórnia ii,Desconhecido
Davi Pereira,209.***.***-89,60,61.0,"esplanada rafael viana, 38",apolonia,Desconhecido
Thomas Silva,891.***.***-89,20,21.0,"travessa beatriz fogaça, 47",fernão dias,Desconhecido
Ana Lívia Da Cruz,135.***.***-84,85,87.0,"praça correia, 3",canadá,Desconhecido
Sr. Vicente Silveira,318.***.***-57,59,61.0,"viela maria cecília viana, 44",vila copacabana,Desconhecido
Sophie Caldeira,403.***.***-17,36,36.0,"vila nina moura, 41",vila santo antônio,Desconhecido
Gabriel Costa,930.***.***-34,59,61.0,"núcleo carvalho, 87",piraja,Desconhecido
Ana Carolina Costa,680.***.***-80,50,52.0,"rodovia de da luz, 710",saudade,Desconhecido
Maitê Fogaça,543.***.***-57,26,27.0,residencial beatriz lopes,ermelinda,Desconhecido
Bruna Caldeira,259.***.***-03,67,69.0,"aeroporto de ferreira, 9",senhor dos passos,Desconhecido
Caroline Moura,593.***.***-25,30,31.0,"chácara da luz, 27",bonfim,Desconhecido
Sra. Ana Júlia Pires,561.***.***-06,46,48.0,núcleo cardoso,barreiro,Desconhecido
Dra. Larissa Fernandes,503.***.***-51,43,43.0,"residencial de ribeiro, 11",vila santa rosa,Desconhecido
Rodrigo Da Luz,416.***.***-61,32,33.0,"aeroporto de campos, 63",são gabriel,Desconhecido
Carlos Eduardo Barros,730.***.***-70,31,32.0,loteamento de rodrigues,santa cecilia,Desconhecido
Ana Laura Silva,047.***.***-66,51,53.0,"vale pinto, 70",esplanada,Desconhecido
Maitê Nogueira,517.***.***-06,65,67.0,"vale costela, 5",parque são josé,Desconhecido
Ana Laura Da Luz,681.***.***-90,80,81.0,"jardim de barros, 111",caiçara - adelaide,Desconhecido
Sra. Brenda Viana,154.***.***-01,75,77.0,"pátio da rocha, 793",vila rica,Desconhecido
Augusto Teixeira,360.***.***-47,93,95.0,"setor samuel porto, 99",bairro das indústrias ii,Desconhecido
Dr. Francisco Lima,318.***.***-70,65,66.0,"via diego lima, 60",distrito industrial do jatoba,Desconhecido
Isaac Da Luz,293.***.***-83,74,76.0,"área joão lucas lima, 997",são benedito,Desconhecido
Calebe Jesus,068.***.***-00,46,47.0,"praia vitor gabriel cunha, 89",concórdia,Desconhecido
Kevin Melo,786.***.***-22,57,59.0,viaduto juliana nogueira,trevo,Desconhecido
Pedro Miguel Peixoto,079.***.***-68,49,49.0,"passarela moura, 85",vila rica,Desconhecido
Gabrielly Almeida,498.***.***-00,29,30.0,"condomínio de sales, 62",são bernardo,Desconhecido
Murilo Correia,197.***.***-93,33,34.0,"estação de ribeiro, 893",zilah sposito,Desconhecido
Matheus Dias,156.***.***-53,81,83.0,Endereco invalido,Desconhecido,Desconhecido
Stella Cardoso,798.***.***-39,55,57.0,"estrada ana ramos, 10",novo tupi,Desconhecido
Marcela Barbosa,509.***.***-66,61,62.0,"estação de azevedo, 639",vila antena montanhês,Desconhecido
Ana Carolina Pires,612.***.***-06,87,89.0,"viaduto eduarda pinto, 76",pousada santo antonio,Desconhecido
Helena Aragão,791.***.***-23,84,85.0,morro lavínia almeida,esperança,Desconhecido
João Gabriel Oliveira,496.***.***-09,96,97.0,"travessa oliveira, 28",minas brasil,Desconhecido
Maria Cecília Vieira,491.***.***-64,87,89.0,"conjunto de souza, 842",petropolis,Desconhecido
Lorena Rodrigues,461.***.***-90,45,46.0,"quadra de fogaça, 57",vila nova gameleira 3ª seção,Desconhecido
Nicolas Cunha,873.***.***-53,69,71.0,"estrada de carvalho, 52",conjunto jardim filadélfia,Desconhecido
Vitor Hugo Ramos,485.***.***-06,29,31.0,"travessa melo, 5",biquinhas,Desconhecido
Luigi Aragão,704.***.***-74,40,40.0,"largo de rodrigues, 19",campo alegre,Desconhecido
Maria Julia Barros,123.***.***-77,49,51.0,área nogueira,solimoes,Desconhecido
Luiz Gustavo Silveira,178.***.***-03,93,94.0,estação mendes,colégio batista,Desconhecido
Ana Júlia Fernandes,795.***.***-76,96,98.0,"passarela de carvalho, 69",coração de jesus,Desconhecido
Luiz Miguel Novaes,754.***.***-28,26,26.0,"morro de nascimento, 17",coqueiros,Desconhecido
Gabriel Santos,142.***.***-30,21,21.0,"largo viana, 3",vila fumec,Desconhecido
Srta. Sophie Vieira,624.***.***-17,71,73.0,"loteamento de viana, 65",conjunto novo dom bosco,Desconhecido
Júlia Cardoso,482.***.***-02,88,89.0,"feira gustavo nascimento, 911",vila calafate,Desconhecido
Dra. Gabriela Jesus,846.***.***-40,49,50.0,vereda cunha,jardim do vale,Desconhecido
Dr. João Gabriel Correia,038.***.***-08,48,49.0,"aeroporto augusto das neves, 847",maria helena,Desconhecido
Luiz Gustavo Jesus,625.***.***-02,98,100.0,"feira fogaça, 914",vila dos anjos,Desconhecido
Rodrigo Ferreira,527.***.***-49,55,55.0,"estação moraes, 13",carmo,Desconhecido
Alícia Ribeiro,514.***.***-94,91,92.0,"feira maria julia costela, 21",mariano de abreu,Desconhecido
Sr. André Da Mata,169.***.***-15,66,68.0,"loteamento de lima, 16",conjunto providencia,Desconhecido
Srta. Maria Julia Campos,245.***.***-55,64,65.0,"rodovia pires, 57",vila de sá,Desconhecido
João Gabriel Ferreira,018.***.***-03,94,96.0,pátio carvalho,vila primeiro de maio,Desconhecido
Thomas Moraes,291.***.***-05,60,61.0,"parque melo, 462",vila cloris,Desconhecido
Clara Melo,860.***.***-57,62,63.0,"alameda vitor gabriel lopes, 52",pedreira padro lopes,Desconhecido
Luigi Cavalcanti,078.***.***-50,33,35.0,"campo de campos, 83",vila tirol,Desconhecido
Dra. Stella Da Costa,340.***.***-51,53,54.0,"passarela oliveira, 48",santa monica,Desconhecido
Isabella Da Paz,289.***.***-65,80,81.0,"via letícia nunes, 280",monsenhor messias,Desconhecido
Enzo Da Rocha,874.***.***-13,43,44.0,"travessa ribeiro, 92",pindorama,Desconhecido
Olivia Fernandes,016.***.***-48,50,52.0,"conjunto eduardo da paz, 2",dom joaquim,Desconhecido
André Da Mata,648.***.***-08,37,39.0,"feira clara lima, 5",vila independencia 3ª seção,Desconhecido
Pedro Henrique Cavalcanti,938.***.***-86,78,79.0,"núcleo de rocha, 9",sport club,Desconhecido
Joaquim Silveira,671.***.***-12,20,22.0,"vila de freitas, 80",santo antônio,Desconhecido
Mirella Rodrigues,216.***.***-94,46,48.0,"fazenda de lima, 95",vila das oliveiras,Desconhecido
Sra. Isabelly Azevedo,087.***.***-76,74,75.0,"ladeira caldeira, 5",vila paris,Desconhecido
Dr. Samuel Ferreira,720.***.***-87,35,36.0,"travessa ana lívia da mata, 63",madri,Desconhecido
Otávio Carvalho,643.***.***-90,87,89.0,"residencial costa, 9",cidade jardim taquaril,Desconhecido
Dra. Stephany Da Mota,154.***.***-51,25,26.0,"colônia monteiro, 49",europa,Desconhecido
Cauê Mendes,152.***.***-44,30,32.0,"lagoa das neves, 36",marçola,Desconhecido
Alexandre Nunes,496.***.***-33,51,53.0,"esplanada souza, 437",álvaro camargos,Desconhecido
Maria Fernanda Aragão,372.***.***-53,67,68.0,"favela de carvalho, 28",confisco,Desconhecido
João Guilherme Silva,820.***.***-30,73,74.0,"praça caroline almeida, 19",conjunto bonsucesso,Desconhecido
Lorena Rezende,753.***.***-95,73,73.0,"lagoa de fogaça, 92",pantanal,Desconhecido
Maria Sophia Da Cruz,690.***.***-34,68,69.0,"vale ana julia porto, 19",alto barroca,Desconhecido
Milena Das Neves,685.***.***-89,93,95.0,"residencial de cunha, 20",santana do cafezal,Desconhecido
Kamilly Da Cunha,520.***.***-80,66,67.0,"travessa lucca carvalho, 38",aeroporto,Desconhecido
Luiz Miguel Aragão,937.***.***-12,54,55.0,aeroporto ana clara oliveira,indaiá,Desconhecido
Ana Laura Ribeiro,754.***.***-47,37,39.0,"praia de da mata, 18",são jorge 3ª seção,Desconhecido
Lorena Da Mota,162.***.***-90,56,57.0,"favela de azevedo, 62",lindéia,Desconhecido
Emanuella Souza,617.***.***-07,78,80.0,"loteamento ferreira, 493",lagoa,Desconhecido
Cecília Pinto,498.***.***-30,24,26.0,"campo vinicius campos, 2",conjunto são francisco de assis,Desconhecido
Pedro Henrique Cunha,584.***.***-00,45,46.0,"condomínio bruna mendes, 55",pongelupe,Desconhecido
Sra. Eloah Da Mota,901.***.***-03,32,33.0,"loteamento freitas, 30",primeiro de maio,Desconhecido
Samuel Da Rocha,159.***.***-97,21,23.0,"trecho de freitas, 8",vila piratininga venda nova,Desconhecido
Melissa Almeida,705.***.***-92,64,66.0,"alameda de da rosa, 2",são salvador,Desconhecido
Carlos Eduardo Da Mota,894.***.***-20,98,100.0,"largo juliana barbosa, 182",concórdia,Desconhecido
Dr. Vitor Da Mota,789.***.***-28,48,50.0,viela de da paz,minaslandia,Desconhecido
Dr. Diogo Costela,962.***.***-73,36,37.0,"passarela joão lucas nogueira, 753",são pedro,Desconhecido
Rafaela Rodrigues,578.***.***-60,80,82.0,"campo vinicius silva, 27",lagoinha,Desconhecido
Vitor Hugo Da Conceição,716.***.***-55,25,26.0,"viaduto de castro, 65",jardim vitoria,Desconhecido
Ana Laura Caldeira,518.***.***-73,51,52.0,"estrada de rocha, 305",lourdes,Desconhecido
Dra. Laura Silveira,472.***.***-49,95,96.0,"pátio lopes, 1",varzea da palma,Desconhecido
Sr. Rafael Pereira,492.***.***-79,86,87.0,"recanto gustavo pereira, 77",santo antônio,Desconhecido
Manuela Mendes,518.***.***-60,32,32.0,"largo kevin barbosa, 2",vila da ária,Desconhecido
Igor Lopes,073.***.***-22,29,31.0,recanto azevedo,vila cloris,Desconhecido
Marcelo Moreira,346.***.***-87,49,51.0,"trecho igor barros, 77",mariano de abreu,Desconhecido
Thomas Costela,428.***.***-22,94,95.0,alameda de pinto,pousada santo antonio,Desconhecido
Luiz Otávio Gonçalves,637.***.***-90,63,65.0,"trevo rezende, 51",bela vitoria,Desconhecido
Stella Da Costa,063.***.***-07,54,55.0,"estação de freitas, 32",corumbiara,Desconhecido
Luana Da Cruz,083.***.***-86,29,31.0,distrito rocha,luxemburgo,Desconhecido
Maria Cecília Lima,132.***.***-89,27,29.0,"recanto silveira, 47",olhos d'água,Desconhecido
Melissa Teixeira,642.***.***-78,70,72.0,"residencial de pires, 28",laranjeiras,Desconhecido
Dr. Vinicius Pires,163.***.***-10,38,39.0,"distrito de lopes, 397",alto dos pinheiros,Desconhecido
Luiz Miguel Farias,962.***.***-00,87,89.0,"feira cardoso, 21",conjunto minas caixa,Desconhecido
Breno Correia,148.***.***-67,40,42.0,"conjunto daniel fernandes, 403",garças,Desconhecido
Laís Costela,306.***.***-53,58,59.0,"parque maitê santos, 42",boa viagem,Desconhecido
Dr. Diego Da Mata,293.***.***-41,20,21.0,"quadra de da mota, 62",alto caiçaras,Desconhecido
Letícia Da Mota,852.***.***-02,30,31.0,"viaduto jesus, 11",conjunto jatoba,Desconhecido
Luna Ferreira,843.***.***-14,54,54.0,"alameda anthony fogaça, 11",mantiqueira,Desconhecido
Dr. Emanuel Silveira,430.***.***-80,29,30.0,"quadra de fogaça, 28",pantanal,Desconhecido
Lorena Sales,263.***.***-15,44,45.0,fazenda caldeira,satelite,Desconhecido
Davi Da Mata,846.***.***-39,55,56.0,vila alves,jardim atlântico,Desconhecido
Isabel Melo,748.***.***-09,75,76.0,"feira enrico nogueira, 1",itaipu,Desconhecido
Raul Oliveira,298.***.***-64,93,94.0,"rua pedro miguel da luz, 95",nossa senhora do rosário,Desconhecido
Levi Da Mata,192.***.***-32,61,62.0,vila de da mata,cônego pinheiro 2ª seção,Desconhecido
Heloísa Castro,587.***.***-44,62,64.0,"sítio de cardoso, 88",acaiaca,Desconhecido
Sra. Júlia Da Paz,046.***.***-74,37,39.0,"jardim maria sophia ferreira, 95",vila nova paraíso,Desconhecido
Luana Viana,213.***.***-21,26,27.0,"praça de castro, 980",ernesto nascimento,Desconhecido
Sr. Renan Sales,364.***.***-83,22,24.0,"praça olivia silveira, 49",novo das industrias,Desconhecido
Caio Aragão,714.***.***-62,22,24.0,"área de barros, 86",boa esperança,Desconhecido
Srta. Lavínia Ribeiro,263.***.***-51,75,77.0,"alameda gustavo henrique gonçalves, 50",beija flor,Desconhecido
Sofia Da Mata,806.***.***-84,21,23.0,"jardim de lopes, 7",planalto,Desconhecido
André Araújo,819.***.***-13,43,44.0,"alameda de da mota, 94",vila paquetá,Desconhecido
Nathan Azevedo,285.***.***-82,85,86.0,"lagoa milena ramos, 4",caiçara - adelaide,Desconhecido
Camila Teixeira,982.***.***-40,46,48.0,"setor da cunha, 39",jardim montanhês,Desconhecido
Srta. Clara Souza,510.***.***-71,25,27.0,"área peixoto, 32",flavio de oliveira,Desconhecido
Yuri Nascimento,129.***.***-73,57,58.0,"vereda matheus azevedo, 2",serrano,Desconhecido
Srta. Marcela Gonçalves,148.***.***-87,83,85.0,"praia raul campos, 12",conjunto providencia,Desconhecido
João Ramos,936.***.***-87,50,51.0,"jardim enzo da paz, 47",vila ouro minas,Desconhecido
Renan Rocha,720.***.***-92,42,44.0,"vale oliveira, 22",nova suíça,Desconhecido
Sr. Caio Souza,453.***.***-33,50,52.0,"conjunto maria vitória da cunha, 59",serra do curral,Desconhecido
Clarice Farias,743.***.***-22,55,56.0,"alameda maria fernanda castro, 87",maravilha,Desconhecido
Marcos Vinicius Jesus,597.***.***-00,72,74.0,"praça de moraes, 588",nova america,Desconhecido
João Pedro Nunes,910.***.***-42,34,36.0,"jardim de ramos, 69",vila nova gameleira 3ª seção,Desconhecido
Levi Farias,659.***.***-52,45,47.0,"quadra mendes, 42",vila pinho,Desconhecido
Dr. Enzo Da Costa,791.***.***-75,40,42.0,"campo marcela silveira, 66",álvaro camargos,Desconhecido
Heloísa Alves,029.***.***-79,86,88.0,"fazenda de moraes, 637",buraco quente,Desconhecido
Luiz Henrique Da Mota,842.***.***-91,20,21.0,"recanto alves, 105",saudade,Desconhecido
Camila Caldeira,903.***.***-03,54,55.0,"lago jesus, 71",frei leopoldo,Desconhecido
Arthur Mendes,918.***.***-05,50,51.0,esplanada cauã teixeira,jardim américa,Desconhecido
João Felipe Campos,362.***.***-06,54,54.0,"praia heitor castro, 6",jardim leblon,Desconhecido
Guilherme Azevedo,174.***.***-16,61,62.0,"viela benjamin campos, 1",pompéia,Desconhecido
Dra. Laura Cunha,364.***.***-50,46,47.0,"núcleo castro, 7",maria helena,Desconhecido
Noah Moraes,108.***.***-12,55,56.0,"estrada lucas gabriel caldeira, 856",joão pinheiro,Desconhecido
Davi Lucca Lopes,260.***.***-90,33,34.0,"trecho freitas, 427",alto dos pinheiros,Desconhecido
Sophia Da Cruz,621.***.***-15,39,40.0,via ribeiro,flavio de oliveira,Desconhecido
Igor Da Luz,740.***.***-85,46,48.0,"lago silva, 75",vila oeste,Desconhecido
Dr. Samuel Nascimento,692.***.***-73,86,87.0,"travessa duarte, 59",brasil industrial,Desconhecido
Maria Fernanda Freitas,968.***.***-28,66,68.0,favela sarah porto,conjunto são francisco de assis,Desconhecido
Eduarda Costa,206.***.***-68,28,29.0,"morro enzo gabriel teixeira, 84",mirtes,Desconhecido
Lorenzo Monteiro,069.***.***-20,43,45.0,"área da mota, 13",minas caixa,Desconhecido
Caroline Cardoso,618.***.***-17,51,53.0,"viaduto de moreira, 1",vera cruz,Desconhecido
Henrique Da Rocha,329.***.***-99,21,22.0,"núcleo luiz gustavo costela, 99",juliana,Desconhecido
Lucas Gabriel Oliveira,743.***.***-38,51,53.0,via araújo,são cristóvão,Desconhecido
Sr. Arthur Jesus,418.***.***-93,96,97.0,lago de cardoso,santa cecilia,Desconhecido
Marcos Vinicius Da Cunha,572.***.***-43,48,49.0,viaduto de cardoso,inconfidência,Desconhecido
Antônio Nogueira,061.***.***-71,19,21.0,"quadra de da mata, 49",ouro minas,Desconhecido
Sophia Monteiro,601.***.***-15,90,91.0,"núcleo araújo, 155",lindéia,Desconhecido
Dr. Leandro Silva,497.***.***-85,56,58.0,"estação silva, 18",serra,Desconhecido
Amanda Farias,185.***.***-08,99,100.0,"praia lavínia moraes, 29",conjunto jatoba,Desconhecido
Srta. Luna Peixoto,912.***.***-23,53,55.0,"fazenda rafaela costela, 37",havaí,Desconhecido
Sr. Igor Campos,183.***.***-62,54,56.0,"fazenda ferreira, 849",lagoa,Desconhecido
Maria Sophia Correia,948.***.***-75,98,100.0,"residencial alana dias, 51",vitoria,Desconhecido
Bruno Da Cruz,293.***.***-73,22,24.0,"rua evelyn da cunha, 2",alta tensão 1ª seção,Desconhecido
Amanda Cavalcanti,351.***.***-00,55,57.0,"fazenda de duarte, 99",são sebastião,Desconhecido
Bruno Melo,721.***.***-52,58,59.0,"trevo de da costa, 7",esplanada,Desconhecido
Dra. Elisa Nunes,875.***.***-05,35,36.0,"vale erick moreira, 48",vila nova cachoeirinha 2ª seção,Desconhecido
Calebe Ramos,942.***.***-40,59,61.0,"parque de moraes, 36",gutierrez,Desconhecido
Sr. Arthur Moraes,306.***.***-87,80,82.0,"passarela lima, 87",jatobá,Desconhecido
Júlia Silveira,913.***.***-57,73,75.0,pátio vitor gabriel rocha,são joão batista,Desconhecido
Sra. Isabelly Silva,732.***.***-00,34,35.0,"rodovia agatha lopes, 7",vila são gabriel,Desconhecido
Dr. Otávio Azevedo,457.***.***-30,79,81.0,"aeroporto de ferreira, 2",santa helena,Desconhecido
Maria Cecília Aragão,264.***.***-49,99,100.0,"trevo aragão, 535",salgado filho,Desconhecido
Noah Da Rosa,742.***.***-22,58,60.0,"avenida ferreira, 7",antonio ribeiro de abreu 1ª seção,Desconhecido
Sra. Laura Azevedo,540.***.***-71,37,39.0,viaduto marcelo ramos,universo,Desconhecido
Dr. Francisco Moreira,702.***.***-08,24,25.0,"núcleo silva, 7",jaraguá,Desconhecido
Mariane Das Neves,912.***.***-05,44,45.0,"rodovia de freitas, 782",parque são josé,Desconhecido
Enzo Monteiro,309.***.***-56,33,35.0,"quadra silveira, 76",joão paulo ii,Desconhecido
Diego Da Rocha,093.***.***-83,36,36.0,"conjunto da rosa, 22",pindura saia,Desconhecido
Ana Laura Da Cruz,798.***.***-49,86,87.0,parque rodrigues,vila da amizade,Desconhecido
Ana Sophia Gomes,384.***.***-46,44,45.0,"lagoa porto, 44",unidas,Desconhecido
Ana Laura Costa,502.***.***-85,52,54.0,"vila sales, 913",bela vitoria,Desconhecido
Felipe Souza,187.***.***-84,55,56.0,"setor peixoto, 47",palmeiras,Desconhecido
Luana Novaes,287.***.***-87,78,80.0,"parque luiz gustavo da conceição, 34",santa margarida,Desconhecido
Sra. Yasmin Nogueira,360.***.***-15,48,49.0,"lago de rocha, 482",belmonte,Desconhecido
Benício Melo,904.***.***-67,21,23.0,recanto maitê pereira,vila suzana primeira seção,Desconhecido
Daniela Aragão,726.***.***-53,58,60.0,"feira otávio pereira, 93",piraja,Desconhecido
Davi Luiz Sales,740.***.***-13,44,45.0,"trecho joão gabriel pires, 64",nova pampulha,Desconhecido
Milena Souza,904.***.***-70,85,87.0,"praça de ribeiro, 9",santa inês,Desconhecido
Maria Eduarda Ferreira,438.***.***-60,74,75.0,passarela de caldeira,vila sesc,Desconhecido
Sr. Diogo Lima,302.***.***-00,29,31.0,estrada danilo monteiro,conjunto califórnia ii,Desconhecido
Dr. Carlos Eduardo Araújo,496.***.***-47,39,41.0,"rodovia sophia rodrigues, 88",vila independencia 2ª seção,Desconhecido
Marina Gomes,934.***.***-00,98,99.0,lagoa souza,copacabana,Desconhecido
Gustavo Henrique Duarte,254.***.***-60,23,24.0,"área ana sophia pereira, 32",minas caixa,Desconhecido
Caio Ramos,832.***.***-73,27,29.0,"viaduto de sales, 92",buraco quente,Desconhecido
Rafael Nunes,462.***.***-19,88,90.0,"núcleo monteiro, 504",são bernardo,Desconhecido
Enzo Gabriel Cardoso,726.***.***-67,37,37.0,núcleo ribeiro,vila nova cachoeirinha 1ª seção,Desconhecido
Davi Cardoso,065.***.***-90,18,19.0,"praça ana júlia rezende, 38",vila coqueiral,Desconhecido
Daniel Pires,274.***.***-47,39,41.0,"avenida bruna rodrigues, 724",diamante,Desconhecido
Brenda Da Mata,532.***.***-19,44,44.0,"pátio rocha, 75",havaí,Desconhecido
Samuel Dias,852.***.***-24,38,40.0,"viaduto enzo gabriel moreira, 72",vila real 2ª seção,Desconhecido
Gustavo Henrique Da Costa,917.***.***-50,19,20.0,"residencial ribeiro, 60",flamengo,Desconhecido
Theo Fogaça,091.***.***-05,48,49.0,"travessa cardoso, 95",alta tensão 1ª seção,Desconhecido
Sra. Alexia Carvalho,483.***.***-71,24,24.0,quadra lorenzo pires,vila olhos d'água,Desconhecido
Juliana Martins,432.***.***-56,84,86.0,campo de souza,vila jardim são josé,Desconhecido
Luiz Gustavo Da Rosa,280.***.***-97,85,87.0,"via de da paz, 5",dona clara,Desconhecido
Gabriela Freitas,367.***.***-26,30,31.0,"trevo carvalho, 9",grajaú,Desconhecido
Enzo Gabriel Vieira,812.***.***-76,22,22.0,travessa novaes,boa vista,Desconhecido
Srta. Luna Nascimento,815.***.***-60,69,71.0,"passarela de nascimento, 916",joão paulo ii,Desconhecido
Sophie Da Mata,971.***.***-97,70,72.0,"avenida de almeida, 78",vila atila de paiva,Desconhecido
Clarice Alves,973.***.***-65,22,24.0,avenida heloísa costa,cabana do pai tomás,Desconhecido
Catarina Rodrigues,138.***.***-84,84,85.0,"núcleo farias, 97",lourdes,Desconhecido
Antônio Vieira,017.***.***-53,89,90.0,"favela de lopes, 473",lagoinha leblon,Desconhecido
Dr. Nicolas Da Conceição,105.***.***-80,25,27.0,"quadra mariana costela, 87",grajaú,Desconhecido
Maria Alice Da Costa,290.***.***-92,88,89.0,"rua cardoso, 76",olhos d'água,Desconhecido
Sr. Lucca Martins,906.***.***-70,56,57.0,"pátio paulo da rosa, 93",belvedere,Desconhecido
João Pedro Costa,532.***.***-41,68,70.0,feira cardoso,conjunto minas caixa,Desconhecido
Maitê Gonçalves,034.***.***-20,97,99.0,"distrito giovanna rodrigues, 37",marieta 3ª seção,Desconhecido
Ana Laura Ferreira,326.***.***-74,72,72.0,estrada de ramos,garças,Desconhecido
Sabrina Da Mata,172.***.***-02,30,30.0,"viela de moraes, 56",vila maria,Desconhecido
Alexandre Das Neves,183.***.***-24,93,95.0,"área de novaes, 52",itapoa,Desconhecido
Isadora Da Cunha,471.***.***-31,54,55.0,"viaduto freitas, 622",jardim atlântico,Desconhecido
Dr. Luigi Fernandes,834.***.***-55,72,74.0,"distrito thomas pires, 77",bairro das indústrias ii,Desconhecido
Sr. Yago Cavalcanti,758.***.***-05,93,94.0,estrada melo,vila independencia 3ª seção,Desconhecido
Carolina Peixoto,396.***.***-96,63,64.0,"loteamento dias, 21",camponesa 1ª seção,Desconhecido
Ana Lívia Porto,067.***.***-44,74,75.0,"colônia vieira, 6",milionario,Desconhecido
Henrique Da Mata,896.***.***-74,33,34.0,"aeroporto vinicius rezende, 18",conjunto são francisco de assis,Desconhecido
Enrico Aragão,490.***.***-75,93,94.0,"praça almeida, 95",vila novo são lucas,Desconhecido
Milena Cavalcanti,523.***.***-70,25,27.0,"trecho kevin castro, 70",são geraldo,Desconhecido
Davi Lucca Melo,731.***.***-14,96,96.0,"passarela kamilly moreira, 704",cardoso,Desconhecido
Clarice Fernandes,192.***.***-73,87,88.0,"vereda jesus, 7",esplanada,Desconhecido
Dr. Luiz Fernando Das Neves,146.***.***-37,58,58.0,"viaduto de martins, 24",vila antena,Desconhecido
Caio Azevedo,428.***.***-82,73,74.0,"largo cardoso, 23",vila nova gameleira 2ª seção,Desconhecido
Enrico Novaes,457.***.***-38,73,75.0,"vila heloísa barbosa, 666",conjunto são francisco de assis,Desconhecido
Ana Clara Moreira,075.***.***-53,87,89.0,residencial de aragão,andiroba,Desconhecido
Enrico Ribeiro,965.***.***-66,26,26.0,"loteamento lopes, 2",vila satélite,Desconhecido
Evelyn Aragão,548.***.***-07,85,87.0,"estrada rebeca caldeira, 440",marçola,Desconhecido
Thales Moreira,406.***.***-07,63,64.0,quadra farias,jardim guanabara,Desconhecido
Heitor Mendes,097.***.***-61,56,57.0,lagoa de farias,alta tensão 2ª seção,Desconhecido
Sarah Nascimento,938.***.***-10,40,42.0,"largo de da costa, 400",vila jardim alvorada,Desconhecido
Sra. Yasmin Melo,510.***.***-49,18,19.0,"loteamento almeida, 821",conjunto santa maria,Desconhecido
Sr. Marcelo Costela,895.***.***-38,23,25.0,"chácara clarice da costa, 135",cardoso,Desconhecido
Maria Cecília Araújo,752.***.***-52,76,77.0,"distrito nathan melo, 3",universitário,Desconhecido
Enzo Gabriel Ribeiro,965.***.***-02,63,65.0,"recanto nunes, 87",vila união,Desconhecido
Miguel Da Rosa,168.***.***-03,43,44.0,"esplanada carvalho, 8",paulo vi,Desconhecido
Maria Vitória Ferreira,914.***.***-69,23,25.0,"lago lima, 6",providencia,Desconhecido
Sr. Vitor Gabriel Gomes,348.***.***-60,48,49.0,"vale costela, 49",jonas veiga,Desconhecido
Bianca Pinto,541.***.***-06,80,81.0,"lagoa sales, 43",vila santa monica 2ª seção,Desconhecido
Igor Melo,519.***.***-39,97,97.0,viaduto nogueira,grota,Desconhecido
Sra. Vitória Carvalho,528.***.***-38,35,36.0,"jardim fernanda moura, 767",cdi jatoba,Desconhecido
Sofia Duarte,412.***.***-28,18,20.0,"morro isaac freitas, 543",vila nova cachoeirinha 2ª seção,Desconhecido
Brenda Nogueira,160.***.***-33,56,57.0,"pátio de almeida, 4",mala e cuia,Desconhecido
Rafael Fogaça,569.***.***-68,93,94.0,"setor de da rosa, 401",nova vista,Desconhecido
Ana Nascimento,295.***.***-61,72,73.0,"chácara de martins, 14",nossa senhora do rosário,Desconhecido
Dr. Juan Da Rocha,475.***.***-80,74,76.0,"ladeira de da mota, 16",vila jardim leblon,Desconhecido
Ana Laura Rocha,531.***.***-70,32,33.0,"sítio thomas rodrigues, 41",são damião,Desconhecido
Maria Alice Da Rocha,906.***.***-22,90,91.0,"travessa de correia, 46",guarani,Desconhecido
Elisa Lopes,790.***.***-30,99,,passarela alexandre da cunha,vila coqueiral,Desconhecido
Davi Lucca Pereira,597.***.***-60,70,70.0,"jardim de barros, 16",vila califórnia,Desconhecido
Marina Fogaça,410.***.***-20,61,63.0,"praça luiz henrique correia, 81",guaratã,Desconhecido
Bernardo Ramos,105.***.***-98,80,82.0,"lagoa luiza gonçalves, 979",piratininga,Desconhecido
Ana Lívia Lopes,971.***.***-02,63,65.0,"parque de barbosa, 57",anchieta,Desconhecido
Miguel Silva,920.***.***-00,40,40.0,"ladeira das neves, 9",nova floresta,Desconhecido
Sr. Arthur Da Cruz,693.***.***-38,83,84.0,lago de cavalcanti,vila betânia,Desconhecido
Julia Da Mota,571.***.***-20,75,76.0,"feira nogueira, 68",santo antônio,Desconhecido
Agatha Rocha,853.***.***-30,52,54.0,setor de dias,são benedito,Desconhecido
Isabel Cardoso,608.***.***-40,95,97.0,"campo da mata, 42",morro dos macacos,Desconhecido
Marcos Vinicius Moura,451.***.***-19,64,65.0,"parque dias, 687",paulo vi,Desconhecido
Levi Da Cunha,718.***.***-75,98,99.0,"colônia de viana, 6",pongelupe,Desconhecido
Cauã Vieira,427.***.***-61,76,77.0,via da mata,bernadete,Desconhecido
Maria Alice Ferreira,105.***.***-80,37,39.0,"praça de duarte, 194",guarani,Desconhecido
Dra. Isabelly Souza,725.***.***-30,33,34.0,"campo de moura, 60",primeiro de maio,Desconhecido
Heitor Rezende,174.***.***-39,72,73.0,"área duarte, 628",conjunto lagoa,Desconhecido
Maria Vitória Jesus,493.***.***-70,47,48.0,"sítio de moura, 13",paraíso,Desconhecido
Emanuel Duarte,762.***.***-76,21,21.0,"rua de fogaça, 71",ouro preto,Desconhecido
Ian Lima,163.***.***-66,86,88.0,"rua de martins, 9",união,Desconhecido
Vitor Alves,687.***.***-22,27,29.0,"esplanada ana laura oliveira, 667",ribeiro de abreu,Desconhecido
Rafael Ramos,946.***.***-84,69,71.0,"esplanada almeida, 4",vila fumec,Desconhecido
Ryan Da Cunha,412.***.***-52,86,88.0,morro de cardoso,camponesa 2ª seção,Desconhecido
Maria Da Cunha,539.***.***-06,77,79.0,residencial de duarte,vila união,Desconhecido
Srta. Milena Cardoso,832.***.***-40,66,67.0,"praça almeida, 71",capitão eduardo,Desconhecido
Bryan Ramos,043.***.***-89,30,31.0,"praia costa, 35",jardim leblon,Desconhecido
Luigi Santos,273.***.***-52,37,38.0,"via luigi peixoto, 61",são gabriel,Desconhecido
Isabella Duarte,023.***.***-17,43,44.0,"estrada diogo da mata, 91",vila nova cachoeirinha 3ª seção,Desconhecido
Sophie Azevedo,214.***.***-49,97,99.0,"rua kaique freitas, 8",universo,Desconhecido
Matheus Carvalho,592.***.***-09,60,61.0,viela de almeida,união,Desconhecido
Júlia Da Cruz,714.***.***-39,94,95.0,lagoa joão pedro alves,das industrias i,Desconhecido
Vitor Peixoto,489.***.***-06,76,77.0,"trevo de cardoso, 40",vale do jatoba,Desconhecido
Amanda Castro,305.***.***-41,43,45.0,"favela erick pereira, 672",vila copacabana,Desconhecido
Lucas Lima,240.***.***-01,91,93.0,"vale igor castro, 928",maravilha,Desconhecido
Raquel Ramos,052.***.***-25,66,68.0,"vereda de costa, 27",madre gertrudes,Desconhecido
Dra. Rebeca Nascimento,431.***.***-37,82,84.0,"residencial nogueira, 954",vila oeste,Desconhecido
Theo Da Conceição,846.***.***-46,29,29.0,"fazenda maria ribeiro, 81",vila são paulo,Desconhecido
Thiago Da Cunha,631.***.***-24,90,92.0,"viela de aragão, 291",união,Desconhecido
Davi Lucas Moreira,169.***.***-02,59,60.0,"estrada de da costa, 92",vila do pombal,Desconhecido
Helena Costela,950.***.***-68,28,29.0,"colônia de fogaça, 78",vila aeroporto jaraguá,Desconhecido
Beatriz Peixoto,243.***.***-96,80,82.0,"campo de moura, 904",alto caiçaras,Desconhecido
Luigi Fernandes,846.***.***-20,48,49.0,"estação igor cunha, 21",pilar,Desconhecido
Gabrielly Almeida,831.***.***-14,66,67.0,"estrada da conceição, 23",indaiá,Desconhecido
Samuel Sales,439.***.***-55,75,77.0,"morro de costela, 73",vila da luz,Desconhecido
Dr. Otávio Costa,095.***.***-59,36,38.0,"chácara da conceição, 2",juliana,Desconhecido
Srta. Ana Beatriz Da Mata,429.***.***-67,91,91.0,"feira de martins, 79",vitoria da conquista,Desconhecido
João Rodrigues,594.***.***-76,25,26.0,"colônia duarte, 56",marmiteiros,Desconhecido
Nathan Farias,521.***.***-32,39,40.0,"travessa joana gonçalves, 44",lajedo,Desconhecido
Dr. Rafael Pereira,581.***.***-55,56,58.0,"sítio isis campos, 81",distrito industrial do jatoba,Desconhecido
Júlia Pereira,871.***.***-12,29,30.0,lagoa santos,petropolis,Desconhecido
Dra. Laura Barbosa,031.***.***-04,67,68.0,"ladeira de moura, 84",nova suíça,Desconhecido
Juliana Pinto,385.***.***-93,70,72.0,"rodovia sales, 21",vila canto do sabiá,Desconhecido
Joana Monteiro,138.***.***-39,55,56.0,"parque de costela, 668",aguas claras,Desconhecido
Dr. Yago Da Rocha,698.***.***-28,75,77.0,"fazenda cavalcanti, 859",alto barroca,Desconhecido
Miguel Nogueira,869.***.***-22,56,58.0,quadra de ferreira,cenaculo,Desconhecido
Isadora Da Rocha,725.***.***-70,95,96.0,"via igor da mata, 81",laranjeiras,Desconhecido
Clara Costela,380.***.***-50,81,83.0,"trevo joão pedro araújo, 7",sagrada família,Desconhecido
Dr. Enzo Gabriel Rocha,473.***.***-61,62,63.0,"condomínio da cunha, 4",unidas,Desconhecido
Maysa Monteiro,615.***.***-44,94,95.0,"parque henrique teixeira, 32",grotinha,Desconhecido
Maria Alice Da Rosa,710.***.***-66,29,31.0,"vereda silveira, 8",bom jesus,Desconhecido
Maysa Lopes,196.***.***-76,60,61.0,"avenida de araújo, 28",esplanada,Desconhecido
Srta. Yasmin Jesus,586.***.***-44,91,92.0,"fazenda letícia costela, 6",petropolis,Desconhecido
Mariana Costela,372.***.***-00,38,40.0,"campo peixoto, 75",independência,Desconhecido
Clara Almeida,842.***.***-92,35,36.0,"parque eloah costa, 91",são geraldo,Desconhecido
Sofia Aragão,687.***.***-08,35,37.0,"rua de santos, 955",ambrosina,Desconhecido
Elisa Barros,546.***.***-20,27,28.0,"estrada sales, 13",jardim felicidade,Desconhecido
Joana Silva,349.***.***-57,24,26.0,chácara miguel fogaça,laranjeiras,Desconhecido
Lorenzo Porto,812.***.***-13,63,65.0,"avenida de araújo, 1",nossa senhora da aparecida,Desconhecido
Vitória Barbosa,583.***.***-77,47,49.0,"vale de monteiro, 267",marieta 2ª seção,Desconhecido
Alícia Da Rosa,035.***.***-51,83,85.0,"trecho luana barros, 338",santa maria,Desconhecido
Lucas Monteiro,739.***.***-75,97,99.0,"parque enzo almeida, 62",piratininga,Desconhecido
Rodrigo Caldeira,816.***.***-37,47,48.0,condomínio joana lima,piratininga,Desconhecido
Luna Rezende,456.***.***-57,51,52.0,"esplanada matheus da costa, 90",paulo vi,Desconhecido
Diogo Rezende,680.***.***-24,80,82.0,"residencial novaes, 84",vila da amizade,Desconhecido
Anthony Da Costa,805.***.***-21,65,66.0,"praia ian da mota, 383",nova cintra,Desconhecido
Maria Cecília Vieira,716.***.***-55,58,60.0,rodovia emanuel da cruz,nova esperança,Desconhecido
Sra. Maria Julia Novaes,019.***.***-01,42,43.0,"ladeira da cruz, 635",coqueiros,Desconhecido
João Pedro Peixoto,243.***.***-55,64,65.0,"trecho cavalcanti, 3",acaba mundo,Desconhecido
Alana Fernandes,198.***.***-09,47,48.0,"estação rocha, 975",marieta 2ª seção,Desconhecido
Sra. Mirella Rezende,247.***.***-50,50,51.0,"vale de cavalcanti, 98",vila havaí,Desconhecido
Gabrielly Moreira,608.***.***-62,52,54.0,"lago caldeira, 363",barão homem de melo 1ª seção,Desconhecido
Sra. Sofia Souza,605.***.***-48,90,92.0,"vila gomes, 366",serra,Desconhecido
Mariane Melo,735.***.***-77,74,76.0,"rodovia ana beatriz cardoso, 97",etelvina carneiro,Desconhecido
Lorena Souza,048.***.***-49,36,38.0,"vereda sales, 83",ouro minas,Desconhecido
Fernando Da Mata,280.***.***-08,27,28.0,"ladeira clara da cruz, 37",aparecida 7ª seção,Desconhecido
Laura Cardoso,821.***.***-17,29,30.0,"setor de costa, 1",nova america,Desconhecido
Marina Da Cruz,724.***.***-26,51,52.0,"avenida castro, 718",santo agostinho,Desconhecido
Maria Rocha,163.***.***-03,39,41.0,"recanto isabel da conceição, 6",vila madre gertrudes 4ª seção,Desconhecido
Pedro Henrique Almeida,318.***.***-57,46,47.0,"núcleo de rodrigues, 95",maria virgínia,Desconhecido
Dr. Davi Luiz Nunes,604.***.***-16,88,90.0,"setor de barros, 58",vila ouro minas,Desconhecido
Vitor Gabriel Costela,175.***.***-43,56,58.0,"praia pietra caldeira, 60",túnel de ibirité,Desconhecido
Dr. Luigi Barbosa,641.***.***-39,99,100.0,"quadra yasmin caldeira, 4",salgado filho,Desconhecido
Rodrigo Azevedo,687.***.***-75,22,24.0,praia de nogueira,califórnia,Desconhecido
Pedro Henrique Cardoso,324.***.***-04,50,51.0,"rua de castro, 65",vila jardim são josé,Desconhecido
Sr. João Cardoso,032.***.***-74,19,20.0,"pátio antônio da mota, 79",maria virgínia,Desconhecido
Maria Julia Nunes,381.***.***-35,76,78.0,setor de ferreira,lorena,Desconhecido
Fernanda Duarte,453.***.***-15,23,24.0,"vereda da rocha, 6",bandeirantes,Desconhecido
Marcos Vinicius Oliveira,280.***.***-95,81,82.0,"parque de azevedo, 8",lagoinha leblon,Desconhecido
Leandro Aragão,124.***.***-32,99,,"campo gabriela rodrigues, 9",piraja,Desconhecido
Maria Alice Vieira,832.***.***-44,68,70.0,"via nogueira, 82",andiroba,Desconhecido
Ana Luiza Jesus,541.***.***-91,65,67.0,Endereco invalido,Desconhecido,Desconhecido
Guilherme Cardoso,197.***.***-21,72,72.0,"trevo nicole da cruz, 7",conjunto providencia,Desconhecido
Luiz Felipe Azevedo,439.***.***-52,49,50.0,"campo erick fernandes, 464",são benedito,Desconhecido
Nathan Araújo,813.***.***-89,60,62.0,quadra de martins,nazare,Desconhecido
Clara Ferreira,467.***.***-28,79,79.0,"fazenda de ferreira, 76",conjunto paulo vi,Desconhecido
Felipe Da Mata,634.***.***-69,85,87.0,"estrada gabrielly rocha, 634",ouro minas,Desconhecido
Enzo Gabriel Azevedo,789.***.***-48,67,68.0,"estação cardoso, 175",barão homem de melo 1ª seção,Desconhecido
Maitê Barbosa,231.***.***-07,20,22.0,"estrada duarte, 37",marmiteiros,Desconhecido
Srta. Isis Da Cruz,073.***.***-78,89,90.0,"praia moreira, 20",são jorge 2ª seção,Desconhecido
Otávio Da Mata,835.***.***-29,51,53.0,"largo de da cruz, 431",mangueiras,Desconhecido
Sophie Castro,165.***.***-09,40,41.0,"trevo de moraes, 78",bairro das indústrias ii,Desconhecido
Diogo Da Cunha,263.***.***-60,33,34.0,"distrito kaique costa, 17",novo glória,Desconhecido
Benício Fernandes,389.***.***-77,30,32.0,"condomínio da cunha, 964",conjunto califórnia i,Desconhecido
João Pedro Silva,523.***.***-06,45,46.0,"praia de almeida, 38",vila nova gameleira 3ª seção,Desconhecido
Heloísa Cunha,260.***.***-83,20,22.0,"aeroporto santos, 94",ademar maldonado,Desconhecido
Bruno Novaes,190.***.***-93,72,74.0,"alameda de da mata, 18",barroca,Desconhecido
Levi Cavalcanti,291.***.***-55,80,80.0,"aeroporto aragão, 8",guarani,Desconhecido
João Pedro Lopes,407.***.***-96,53,55.0,"vereda daniel gonçalves, 6",bacurau,Desconhecido
Heloísa Da Luz,569.***.***-57,61,62.0,"conjunto de cunha, 63",estrela,Desconhecido
Lorena Gomes,298.***.***-65,20,21.0,"rodovia de cavalcanti, 47",capitão eduardo,Desconhecido
Milena Vieira,623.***.***-51,97,98.0,"loteamento thiago fernandes, 51",graça,Desconhecido
Milena Ramos,160.***.***-34,46,48.0,praça breno ribeiro,vista do sol,Desconhecido
Vitor Hugo Ramos,286.***.***-78,73,74.0,"viela alice nogueira, 65",olaria,Desconhecido
Ana Julia Nascimento,197.***.***-31,63,65.0,aeroporto cavalcanti,coqueiros,Desconhecido
Dr. Enrico Carvalho,254.***.***-00,54,56.0,travessa de santos,garças,Desconhecido
Vitor Hugo Cunha,701.***.***-39,91,92.0,"passarela isis porto, 38",capitão eduardo,Desconhecido
Dr. Samuel Moura,402.***.***-05,22,23.0,"parque daniel pinto, 7",vista alegre,Desconhecido
Luana Nascimento,314.***.***-50,30,32.0,"vila letícia da paz, 17",marajó,Desconhecido
Dra. Maria Vitória Viana,250.***.***-00,98,99.0,colônia de moura,morro dos macacos,Desconhecido
Sr. Calebe Duarte,936.***.***-04,60,62.0,"alameda joão pedro castro, 14",vila fumec,Desconhecido
Leonardo Costela,624.***.***-29,31,33.0,via de jesus,caetano furquim,Desconhecido
Benício Moreira,136.***.***-24,44,44.0,"feira marcos vinicius da cruz, 317",leonina,Desconhecido
Lucca Mendes,819.***.***-76,83,85.0,"via de ferreira, 44",cidade jardim,Desconhecido
Sophie Farias,741.***.***-00,87,89.0,"aeroporto de ribeiro, 65",mariquinhas,Desconhecido
Bruna Da Rocha,845.***.***-19,62,64.0,"loteamento otávio freitas, 74",camponesa 2ª seção,Desconhecido
Heitor Nascimento,493.***.***-84,81,82.0,área maria fernanda pinto,nova pampulha,Desconhecido
Rafael Porto,629.***.***-30,27,28.0,"alameda da mata, 64",vila boa vista,Desconhecido
Luiz Miguel Da Paz,647.***.***-80,30,32.0,"estrada de ribeiro, 73",buritis,Desconhecido
Srta. Pietra Duarte,913.***.***-04,95,97.0,"aeroporto de nascimento, 13",pongelupe,Desconhecido
Eloah Cunha,908.***.***-60,22,24.0,"chácara de costa, 62",aparecida,Desconhecido
Bruna Rodrigues,625.***.***-67,21,23.0,"campo da costa, 719",olaria,Desconhecido
Felipe Monteiro,172.***.***-68,97,98.0,"quadra de monteiro, 43",novo das industrias,Desconhecido
Isis Campos,178.***.***-41,38,39.0,estrada pereira,vila batik,Desconhecido
Vitor Novaes,586.***.***-08,77,79.0,"lagoa de da rocha, 60",jardim atlântico,Desconhecido
Yago Porto,907.***.***-01,42,43.0,"parque alícia cavalcanti, 234",vila piratininga,Desconhecido
Guilherme Campos,354.***.***-79,55,57.0,"largo de duarte, 24",barro preto,Desconhecido
Vitor Moraes,297.***.***-99,26,27.0,"campo enrico lima, 20",trevo,Desconhecido
João Gabriel Jesus,790.***.***-01,98,100.0,"favela martins, 7",barão homem de melo 2ª seção,Desconhecido
Dr. Vitor Hugo Rezende,796.***.***-58,28,30.0,"ladeira barros, 84",xodo-marize,Desconhecido
Dr. Arthur Carvalho,081.***.***-97,38,40.0,"jardim silveira, 35",dona clara,Desconhecido
Ryan Mendes,239.***.***-55,45,46.0,"viaduto evelyn ribeiro, 56",dom silverio,Desconhecido
Ana Laura Silva,485.***.***-47,77,78.0,"campo de farias, 77",paulo vi,Desconhecido
Lorenzo Novaes,370.***.***-05,44,45.0,"loteamento alice freitas, 3",santa lúcia,Desconhecido
Cauê Cardoso,019.***.***-60,18,20.0,"trecho alícia monteiro, 61",são jorge 3ª seção,Desconhecido
Dra. Ana Luiza Silveira,324.***.***-40,82,84.0,"alameda pinto, 59",cinquentenário,Desconhecido
Lavínia Azevedo,318.***.***-03,75,77.0,"condomínio larissa teixeira, 216",olhos d'água,Desconhecido
Letícia Jesus,451.***.***-19,76,77.0,"vale de da mata, 75",bela vitoria,Desconhecido
Bruna Ribeiro,352.***.***-10,71,73.0,trevo beatriz cardoso,prado,Desconhecido
Theo Da Mata,758.***.***-44,65,67.0,"feira souza, 65",santa helena,Desconhecido
João Gabriel Porto,956.***.***-91,51,53.0,"fazenda luiza campos, 62",horto,Desconhecido
Maria Julia Freitas,178.***.***-53,73,74.0,"loteamento de gomes, 86",liberdade,Desconhecido
Dr. Otávio Barros,683.***.***-21,26,28.0,"condomínio marina costela, 29",morro dos macacos,Desconhecido
Yasmin Gomes,827.***.***-35,99,100.0,"feira letícia nascimento, 5",unidas,Desconhecido
Sofia Novaes,576.***.***-83,44,45.0,"aeroporto de ribeiro, 57",coração de jesus,Desconhecido
Ian Da Luz,152.***.***-77,35,36.0,"feira moura, 2",das industrias i,Desconhecido
Davi Luiz Souza,857.***.***-53,76,78.0,"favela peixoto, 76",mangueiras,Desconhecido
Cecília Araújo,032.***.***-26,19,21.0,"distrito rezende, 61",jardim américa,Desconhecido
Luiz Gustavo Duarte,381.***.***-44,59,61.0,"favela caldeira, 98",maria helena,Desconhecido
Ana Julia Cardoso,704.***.***-88,27,29.0,"chácara campos, 423",vila são geraldo,Desconhecido
Gabrielly Lima,560.***.***-30,98,99.0,"parque alves, 70",flavio de oliveira,Desconhecido
Heloísa Ribeiro,437.***.***-37,63,65.0,sítio luiz gustavo cunha,nova vista,Desconhecido
Letícia Costa,530.***.***-70,43,45.0,"viela yago oliveira, 70",serrano,Desconhecido
Ana Beatriz Da Rocha,438.***.***-04,79,81.0,"alameda joão fernandes, 25",estrela do oriente,Desconhecido
Benjamin Moura,975.***.***-97,21,23.0,"trevo de rezende, 83",coqueiros,Desconhecido
Ana Julia Fogaça,103.***.***-70,37,39.0,"área de gonçalves, 31",vila real 2ª seção,Desconhecido
Clara Da Mata,354.***.***-00,40,42.0,"aeroporto de gomes, 936",vila santo antônio,Desconhecido
Fernanda Oliveira,102.***.***-14,42,43.0,"trevo correia, 72",olhos d'água,Desconhecido
Laura Das Neves,723.***.***-29,25,25.0,"viaduto vitor gabriel ferreira, 32",minas brasil,Desconhecido
Lívia Teixeira,694.***.***-29,39,41.0,"alameda teixeira, 9",vila são joão batista,Desconhecido
Eloah Moreira,904.***.***-00,89,91.0,"pátio de nunes, 3",vila nova dos milionarios,Desconhecido
Lívia Cardoso,619.***.***-61,87,89.0,campo de da paz,nova vista,Desconhecido
Augusto Freitas,930.***.***-01,62,63.0,"trevo marcos vinicius jesus, 4",alpes,Desconhecido
Raquel Fernandes,467.***.***-94,76,77.0,"parque de teixeira, 132",vila de sá,Desconhecido
Sr. Anthony Da Costa,614.***.***-07,32,34.0,"área lima, 7",vila são francisco,Desconhecido
Murilo Melo,431.***.***-80,22,23.0,"trecho pires, 10",nazare,Desconhecido
Srta. Mirella Barbosa,430.***.***-75,85,85.0,pátio de da rosa,glória,Desconhecido
Gabriela Das Neves,437.***.***-65,40,42.0,avenida emilly pereira,distrito industrial do jatoba,Desconhecido
Bruno Da Cunha,259.***.***-24,29,31.0,quadra costa,bonsucesso,Desconhecido
Alexandre Rodrigues,740.***.***-85,57,59.0,"vale rezende, 20",juliana,Desconhecido
Natália Rezende,784.***.***-11,61,62.0,"sítio nascimento, 64",são lucas,Desconhecido
Emilly Caldeira,732.***.***-07,23,24.0,"estrada eduardo porto, 85",boa vista,Desconhecido
Levi Azevedo,639.***.***-91,85,86.0,"estação da cruz, 13",primeiro de maio,Desconhecido
Nicole Da Rocha,567.***.***-90,23,25.0,"distrito clara viana, 41",lajedo,Desconhecido
Joana Moreira,435.***.***-51,64,66.0,"viela de das neves, 139",novo glória,Desconhecido
Maria Eduarda Almeida,573.***.***-56,72,73.0,"travessa de barros, 4",santa helena,Desconhecido
Marcela Da Cruz,876.***.***-78,92,93.0,"viela viana, 95",santa rita de cássia,Desconhecido
Helena Nunes,843.***.***-42,86,88.0,"feira vieira, 28",vila são dimas,Desconhecido
Isaac Oliveira,209.***.***-01,50,51.0,"rodovia cardoso, 377",santa cecilia,Desconhecido
Manuela Pinto,094.***.***-20,39,41.0,"praia almeida, 6",beira linha,Desconhecido
Bryan Ramos,681.***.***-94,35,37.0,"aeroporto de da rocha, 27",união,Desconhecido
Sr. Enzo Gabriel Fernandes,769.***.***-21,18,19.0,"rodovia laís nunes, 50",vila madre gertrudes 2ª seção,Desconhecido
Brenda Ramos,269.***.***-83,97,99.0,"rodovia de souza, 416",conjunto são francisco de assis,Desconhecido
Yuri Rezende,564.***.***-89,97,99.0,"praia costa, 3",vila santo antônio barroquinha,Desconhecido
Luiz Miguel Da Costa,630.***.***-34,74,75.0,via porto,conjunto capitão eduardo,Desconhecido
Enzo Nogueira,187.***.***-69,62,64.0,"campo cauã freitas, 66",xangri-lá,Desconhecido
Davi Lucca Azevedo,035.***.***-10,67,68.0,"condomínio cunha, 74",camponesa 2ª seção,Desconhecido
Luiz Otávio Fernandes,716.***.***-85,69,71.0,núcleo pietro barros,vila piratininga,Desconhecido
Thomas Correia,083.***.***-66,77,78.0,"aeroporto melo, 31",conjunto celso machado,Desconhecido
Davi Lucca Teixeira,647.***.***-26,82,84.0,"condomínio de lima, 66",mirtes,Desconhecido
Luiz Gustavo Ribeiro,149.***.***-78,29,31.0,"pátio davi lucca viana, 6",gameleira,Desconhecido
Pietra Da Mata,427.***.***-08,66,67.0,"feira gonçalves, 4",vila paquetá,Desconhecido
Joaquim Azevedo,016.***.***-16,69,69.0,núcleo viana,conjunto jatoba,Desconhecido
Sra. Agatha Melo,506.***.***-60,26,27.0,"feira de oliveira, 1",mariquinhas,Desconhecido
Maria Julia Lopes,613.***.***-68,55,56.0,"campo araújo, 10",tiradentes,Desconhecido
Dr. Marcelo Cardoso,862.***.***-07,78,80.0,lagoa ana sophia oliveira,pedreira padro lopes,Desconhecido
Catarina Moreira,207.***.***-11,33,33.0,"jardim sales, 42",conjunto minas caixa,Desconhecido
Heitor Vieira,089.***.***-92,74,74.0,"morro aragão, 796",estrela,Desconhecido
Luiz Fernando Da Luz,071.***.***-01,73,75.0,"aeroporto pietro oliveira, 4",parque são josé,Desconhecido
Sabrina Silva,216.***.***-69,84,86.0,"rodovia pedro henrique santos, 46",lagoa,Desconhecido
Luiz Henrique Martins,648.***.***-82,45,46.0,"praia ferreira, 17",heliopolis,Desconhecido
Catarina Carvalho,196.***.***-10,46,47.0,"vila de farias, 46",minas caixa,Desconhecido
Ana Vitória Azevedo,529.***.***-01,76,78.0,"campo yasmin moreira, 49",funcionários,Desconhecido
Thales Campos,412.***.***-89,81,82.0,"avenida lavínia castro, 46",marieta 2ª seção,Desconhecido
Thales Oliveira,369.***.***-50,82,83.0,condomínio levi almeida,vila nova cachoeirinha 3ª seção,Desconhecido
Fernanda Cavalcanti,912.***.***-51,70,71.0,"viela isis gomes, 43",petropolis,Desconhecido
Dr. João Gabriel Da Conceição,831.***.***-00,46,47.0,"jardim luiz felipe duarte, 1",bela vitoria,Desconhecido
Noah Barros,310.***.***-86,32,33.0,"jardim almeida, 48",belvedere,Desconhecido
Dr. Felipe Novaes,685.***.***-59,51,52.0,"pátio de ribeiro, 16",pindura saia,Desconhecido
Luiz Fernando Aragão,120.***.***-01,19,21.0,"ladeira mariane santos, 7",distrito industrial do jatoba,Desconhecido
Ana Júlia Cardoso,812.***.***-76,82,84.0,"vila silveira, 86",gameleira,Desconhecido
Marina Ramos,068.***.***-10,60,62.0,"ladeira duarte, 35",urca,Desconhecido
Dra. Joana Lopes,619.***.***-11,57,58.0,"viaduto de novaes, 952",dom cabral,Desconhecido
Isabel Duarte,146.***.***-87,57,58.0,"aeroporto isaac da conceição, 1",vila jardim montanhes,Desconhecido
Paulo Jesus,078.***.***-92,53,54.0,"fazenda de porto, 4",santa lúcia,Desconhecido
Laura Costa,540.***.***-25,84,84.0,"distrito de moraes, 56",alto vera cruz,Desconhecido
Sra. Milena Pinto,280.***.***-24,64,64.0,"jardim novaes, 13",sion,Desconhecido
Danilo Ribeiro,109.***.***-80,67,69.0,"ladeira de da conceição, 76",venda nova,Desconhecido
Lívia Nunes,742.***.***-23,49,50.0,"passarela de porto, 65",pousada santo antonio,Desconhecido
Alícia Rodrigues,349.***.***-16,51,52.0,"travessa de farias, 9",esplanada,Desconhecido
Agatha Rezende,057.***.***-79,94,95.0,"parque da luz, 3",grajaú,Desconhecido
Juliana Santos,605.***.***-59,93,95.0,"parque de silveira, 6",são jorge 3ª seção,Desconhecido
Maria Fernanda Da Conceição,408.***.***-50,62,63.0,"campo santos, 714",alto barroca,Desconhecido
Daniela Barbosa,861.***.***-64,35,37.0,"área de moreira, 82",das industrias i,Desconhecido
Arthur Pinto,562.***.***-25,30,32.0,viela kamilly cunha,vista do sol,Desconhecido
Emanuel Aragão,910.***.***-57,41,43.0,"campo de da cruz, 22",conjunto são francisco de assis,Desconhecido
Dra. Alice Vieira,936.***.***-00,77,78.0,rodovia cunha,das industrias i,Desconhecido
Maria Cecília Moreira,805.***.***-71,65,66.0,"passarela joão pedro nunes, 6",vila oeste,Desconhecido
,532.***.***-41,73,75.0,"estação alves, 8",vila petropolis,Desconhecido
Maria Vitória Campos,380.***.***-57,55,57.0,"viela da costa, 16",canadá,Desconhecido
Isabel Da Conceição,819.***.***-93,89,91.0,"vale nogueira, 8",bela vitoria,Desconhecido
,013.***.***-69,44,46.0,"parque helena pires, 852",vila jardim são josé,Desconhecido
Dr. Thomas Nunes,967.***.***-46,81,83.0,"vereda da mota, 37",vila da luz,Desconhecido
Lucca Moura,718.***.***-35,37,39.0,"praia bryan martins, 8",santa amelia,Desconhecido
Diogo Souza,169.***.***-95,65,67.0,"largo maysa cavalcanti, 6",vila satélite,Desconhecido
Juliana Costa,980.***.***-39,53,55.0,"alameda de campos, 32",vila são rafael,Desconhecido
Eduarda Da Costa,739.***.***-48,88,90.0,"jardim de lima, 1",das industrias i,Desconhecido
Alana Freitas,427.***.***-73,50,52.0,aeroporto noah jesus,diamante,Desconhecido
Murilo Ramos,374.***.***-00,97,98.0,"feira jesus, 20",aparecida 7ª seção,Desconhecido
Cecília Souza,294.***.***-30,20,22.0,"campo emanuelly gonçalves, 51",novo glória,Desconhecido
Raul Martins,187.***.***-26,96,98.0,"alameda de carvalho, 150",saudade,Desconhecido
Renan Cavalcanti,072.***.***-77,69,70.0,"trevo nina pereira, 99",álvaro camargos,Desconhecido
Sr. Diego Pires,842.***.***-41,34,35.0,"morro eduarda farias, 92",aarão reis,Desconhecido
Sofia Da Rocha,719.***.***-03,57,59.0,"vale davi luiz dias, 709",vila oeste,Desconhecido
Lorenzo Dias,271.***.***-04,98,100.0,"favela elisa barbosa, 521",jardim vitoria,Desconhecido
Sr. Vitor Souza,426.***.***-83,73,75.0,"aeroporto laura gonçalves, 7",vila vista alegre,Desconhecido
Vitor Gabriel Cardoso,354.***.***-50,30,32.0,"setor de da luz, 81",são cristóvão,Desconhecido
Pedro Rodrigues,790.***.***-20,98,100.0,"trevo de moreira, 63",araguaia,Desconhecido
Eduarda Teixeira,745.***.***-17,76,77.0,"ladeira peixoto, 85",são marcos,Desconhecido
Daniel Oliveira,753.***.***-08,34,36.0,colônia maitê cardoso,copacabana,Desconhecido
Isadora Nogueira,129.***.***-05,29,30.0,"praia de campos, 94",candelaria,Desconhecido
Sr. Fernando Moraes,768.***.***-95,96,98.0,"área moreira, 8",grajaú,Desconhecido
Luiza Araújo,246.***.***-10,70,70.0,jardim de dias,mirtes,Desconhecido
Maria Luiza Pires,620.***.***-67,46,47.0,"viela de gonçalves, 79",vila havaí,Desconhecido
João Lucas Das Neves,974.***.***-49,49,50.0,"campo de nascimento, 5",serra do curral,Desconhecido
Vitor Gabriel Carvalho,387.***.***-92,86,88.0,"viaduto farias, 15",sagrada família,Desconhecido
Henrique Sales,196.***.***-39,57,58.0,"jardim cavalcanti, 94",petropolis,Desconhecido
Henrique Ferreira,360.***.***-07,29,30.0,"lago de lopes, 6",floramar,Desconhecido
Dra. Raquel Da Mota,263.***.***-78,33,34.0,"aeroporto de fogaça, 29",santa sofia,Desconhecido
Levi Melo,513.***.***-09,35,37.0,"travessa de da luz, 42",vila nova paraíso,Desconhecido
Ana Luiza Gomes,287.***.***-12,32,34.0,"estação de da costa, 211",pilar,Desconhecido
Isaac Fernandes,572.***.***-07,77,78.0,"recanto rodrigues, 80",minas caixa,Desconhecido
Leandro Fernandes,018.***.***-15,65,67.0,"praia daniel barbosa, 847",silveira,Desconhecido
Dr. Breno Sales,135.***.***-42,77,79.0,estação miguel rodrigues,coração de jesus,Desconhecido
Rafael Araújo,481.***.***-17,84,85.0,"trevo sofia moreira, 67",alta tensão 1ª seção,Desconhecido
Eduardo Da Costa,043.***.***-31,73,75.0,"quadra de alves, 729",camponesa 2ª seção,Desconhecido
Dra. Larissa Fernandes,562.***.***-00,97,99.0,"aeroporto jesus, 2",são francisco,Desconhecido
Milena Da Rocha,864.***.***-49,80,81.0,"alameda araújo, 53",piratininga,Desconhecido
Eduarda Aragão,362.***.***-90,76,78.0,"viela de sales, 68",nova esperança,Desconhecido
Sr. Ian Barbosa,149.***.***-70,66,67.0,"morro ryan da luz, 43",vila nova gameleira 2ª seção,Desconhecido
Ian Cardoso,731.***.***-78,83,84.0,área ferreira,jardim montanhês,Desconhecido
Vitor Gabriel Ferreira,916.***.***-01,53,54.0,"conjunto farias, 36",silveira,Desconhecido
Rodrigo Melo,982.***.***-89,43,45.0,praia marina da rosa,são jorge 3ª seção,Desconhecido
Anthony Rezende,831.***.***-66,93,95.0,"via de viana, 68",beija flor,Desconhecido
Sra. Bianca Farias,783.***.***-26,32,33.0,"viela campos, 2",anchieta,Desconhecido
João Carvalho,298.***.***-50,91,92.0,"vereda de aragão, 15",horto,Desconhecido
Benício Da Costa,783.***.***-07,28,30.0,"vereda de souza, 13",europa,Desconhecido
Yuri Alves,896.***.***-03,86,88.0,"colônia da costa, 7",ouro minas,Desconhecido
Gabriela Da Rosa,210.***.***-31,76,78.0,"vale de caldeira, 8",ribeiro de abreu,Desconhecido
Eduarda Da Conceição,238.***.***-00,99,100.0,"praia de silva, 91",joão pinheiro,Desconhecido
Vicente Aragão,875.***.***-88,96,98.0,avenida da luz,vila inestan,Desconhecido
Srta. Sabrina Teixeira,682.***.***-89,87,89.0,"estrada de da rosa, 69",jonas veiga,Desconhecido
Antônio Santos,198.***.***-03,85,87.0,"morro da rocha, 84",tirol,Desconhecido
Dr. Lucca Pinto,526.***.***-09,21,22.0,"estrada sabrina freitas, 40",acaba mundo,Desconhecido
Emilly Vieira,924.***.***-33,71,73.0,"recanto miguel moraes, 45",penha,Desconhecido
Dr. Gabriel Da Mata,701.***.***-69,59,59.0,"feira de farias, 28",horto,Desconhecido
Emanuella Azevedo,406.***.***-01,69,70.0,"sítio moura, 50",ápia,Desconhecido
Ana Julia Rocha,618.***.***-60,47,49.0,"trevo davi lucca da cruz, 72",boa união 1ª seção,Desconhecido
Milena Castro,482.***.***-82,60,61.0,"chácara da mota, 218",conjunto floramar,Desconhecido
Lavínia Peixoto,204.***.***-50,72,74.0,"feira martins, 78",estrela do oriente,Desconhecido
Enzo Gabriel Gomes,893.***.***-40,28,30.0,"setor luiz henrique monteiro, 4",madri,Desconhecido
Laura Fogaça,196.***.***-80,34,36.0,"chácara de da mota, 4",pompéia,Desconhecido
Sr. Vitor Da Mata,062.***.***-78,60,62.0,Endereco invalido,Desconhecido,Desconhecido
Sophie Pinto,023.***.***-40,29,29.0,residencial noah mendes,vila atila de paiva,Desconhecido
Sr. Kaique Peixoto,726.***.***-47,62,63.0,"fazenda moraes, 80",vila vista alegre,Desconhecido
Luiz Henrique Mendes,248.***.***-76,90,91.0,"travessa leandro da mata, 898",vila sesc,Desconhecido
Sr. Felipe Barros,569.***.***-57,48,50.0,"área raquel moura, 8",mangabeiras,Desconhecido
Ana Beatriz Pereira,798.***.***-01,54,55.0,condomínio de santos,jaraguá,Desconhecido
Sr. Rafael Silva,238.***.***-15,26,27.0,"estação lara almeida, 67",sagrada família,Desconhecido
Dra. Olivia Mendes,189.***.***-05,90,92.0,residencial de mendes,jardim guanabara,Desconhecido
Eduardo Sales,052.***.***-74,39,41.0,"aeroporto emanuel barros, 4",tres marias,Desconhecido
André Rodrigues,375.***.***-91,73,74.0,"trecho gomes, 3",barreiro,Desconhecido
Sophia Cavalcanti,092.***.***-56,91,92.0,"alameda paulo da cruz, 70",vila madre gertrudes 3ª seção,Desconhecido
Carolina Sales,519.***.***-40,32,33.0,"residencial pinto, 95",etelvina carneiro,Desconhecido
Lucas Monteiro,654.***.***-37,76,77.0,"lagoa de silveira, 91",trevo,Desconhecido
João Felipe Dias,850.***.***-42,52,53.0,"condomínio moura, 504",santa helena,Desconhecido
Dr. Ian Fogaça,248.***.***-32,93,93.0,distrito de cavalcanti,vila barragem santa lúcia,Desconhecido
Lorena Barros,785.***.***-10,83,84.0,"favela letícia jesus, 34",novo ouro preto,Desconhecido
Sra. Ana Clara Teixeira,760.***.***-59,49,50.0,"feira de da conceição, 796",mangabeiras,Desconhecido
Natália Monteiro,481.***.***-60,81,82.0,morro de ramos,conjunto taquaril,Desconhecido
Eduarda Duarte,893.***.***-30,20,22.0,"quadra lopes, 69",vila da paz,Desconhecido
Larissa Carvalho,632.***.***-37,91,92.0,"jardim de carvalho, 5",santo andré,Desconhecido
Lara Moraes,549.***.***-09,18,20.0,"vereda araújo, 18",garças,Desconhecido
Sophie Da Rosa,254.***.***-50,97,99.0,"pátio fernandes, 59",vila ouro minas,Desconhecido
Olivia Martins,391.***.***-39,82,84.0,"jardim vinicius caldeira, 28",jonas veiga,Desconhecido
Thomas Barros,105.***.***-12,72,73.0,"passarela de araújo, 123",andiroba,Desconhecido
Davi Luiz Azevedo,478.***.***-31,59,60.0,"rodovia eduarda ramos, 87",engenho nogueira,Desconhecido
Danilo Santos,297.***.***-55,97,99.0,"viela ana júlia fernandes, 25",pirineus,Desconhecido
Sr. Enzo Porto,496.***.***-67,98,100.0,"vereda cauê barbosa, 141",conjunto providencia,Desconhecido
Bianca Alves,304.***.***-57,67,68.0,"campo rodrigues, 351",brasil industrial,Desconhecido
Alexia Das Neves,267.***.***-00,85,87.0,"residencial de sales, 5",vila cloris,Desconhecido
Esther Campos,523.***.***-53,58,59.0,"área de castro, 108",nova vista,Desconhecido
Ana Júlia Freitas,584.***.***-17,58,59.0,"estrada fernanda jesus, 2",santa margarida,Desconhecido
Maria Vitória Da Mata,826.***.***-76,57,58.0,"lagoa pietro da cruz, 524",vila santa monica 2ª seção,Desconhecido
Ryan Da Mata,172.***.***-80,20,22.0,"rodovia de porto, 90",marieta 2ª seção,Desconhecido
Emilly Ribeiro,584.***.***-05,22,23.0,"parque de gomes, 71",mala e cuia,Desconhecido
Bernardo Pinto,217.***.***-12,94,96.0,"esplanada de moura, 30",vila petropolis,Desconhecido
Nicole Peixoto,829.***.***-89,67,69.0,distrito moraes,indaiá,Desconhecido
Isaac Da Conceição,867.***.***-85,75,77.0,"lago da luz, 59",suzana,Desconhecido
Davi Lucca Santos,571.***.***-73,62,62.0,"favela beatriz da costa, 77",antonio ribeiro de abreu 1ª seção,Desconhecido
Paulo Lopes,186.***.***-11,67,69.0,"passarela davi lucca lopes, 37",ernesto nascimento,Desconhecido
Sophie Vieira,938.***.***-83,36,38.0,"vereda de da mota, 564",jaqueline,Desconhecido
Rodrigo Da Cruz,648.***.***-11,51,52.0,"favela costa, 372",serra,Desconhecido
Sr. Samuel Barbosa,903.***.***-23,30,32.0,"distrito jesus, 34",vila rica,Desconhecido
Dr. Cauê Ramos,109.***.***-34,70,71.0,"viela de castro, 27",álvaro camargos,Desconhecido
Bruno Jesus,354.***.***-42,27,28.0,"campo moreira, 48",tirol,Desconhecido
Lívia Correia,843.***.***-65,52,53.0,"favela de da rocha, 6",carlos prates,Desconhecido
Enrico Da Rocha,241.***.***-05,26,28.0,condomínio maria julia cavalcanti,vila são dimas,Desconhecido
Rafaela Aragão,269.***.***-22,73,75.0,chácara maria fernanda castro,marajó,Desconhecido
Dr. Marcos Vinicius Farias,475.***.***-80,88,89.0,ladeira castro,jardim são josé,Desconhecido
Larissa Lopes,015.***.***-12,78,78.0,"largo cavalcanti, 96",floramar,Desconhecido
Isadora Carvalho,917.***.***-13,99,,"pátio de da paz, 57",são joão,Desconhecido
Sr. Vitor Da Rocha,234.***.***-51,77,78.0,"recanto de novaes, 32",serra do curral,Desconhecido
Isadora Pereira,501.***.***-06,92,93.0,"jardim stella da costa, 91",pompéia,Desconhecido
Dr. Bernardo Da Cunha,147.***.***-79,50,51.0,"residencial marina azevedo, 89",lagoinha leblon,Desconhecido
Gabrielly Mendes,954.***.***-50,46,48.0,"praça joão rezende, 30",céu azul,Desconhecido
Sr. Bruno Da Mata,473.***.***-99,94,95.0,"chácara alice ferreira, 678",vila calafate,Desconhecido
Breno Rocha,237.***.***-52,59,61.0,estação de rodrigues,tres marias,Desconhecido
Luigi Ferreira,148.***.***-19,69,71.0,trevo vieira,nossa senhora aparecida,Desconhecido
Davi Lucca Da Cruz,862.***.***-78,71,73.0,"sítio de novaes, 75",vila são dimas,Desconhecido
Henrique Almeida,824.***.***-31,59,60.0,"área da costa, 29",dona clara,Desconhecido
Dr. Vitor Hugo Caldeira,943.***.***-42,36,36.0,"feira da costa, 17",vila dos anjos,Desconhecido
Alexia Souza,348.***.***-48,70,72.0,"lagoa alves, 97",buritis,Desconhecido
Luiza Azevedo,683.***.***-92,73,75.0,"recanto elisa da mota, 8",alípio de melo,Desconhecido
Dr. Kaique Da Mota,143.***.***-60,91,93.0,"setor vinicius moraes, 475",nossa senhora aparecida,Desconhecido
Laura Lima,051.***.***-41,82,84.0,"área oliveira, 91",são paulo,Desconhecido
Raul Rodrigues,039.***.***-05,55,56.0,"aeroporto da rocha, 499",estrela,Desconhecido
Joaquim Melo,305.***.***-21,91,92.0,"ladeira ribeiro, 6",vila santo antônio,Desconhecido
Benjamin Cardoso,054.***.***-44,80,82.0,"trevo da cunha, 2",são bento,Desconhecido
João Miguel Lopes,741.***.***-26,33,35.0,"via de nunes, 63",olaria,Desconhecido
Letícia Da Mota,587.***.***-02,24,24.0,"travessa de lopes, 205",mariano de abreu,Desconhecido
Levi Da Rocha,840.***.***-92,40,42.0,"via brenda cunha, 49",vila da ária,Desconhecido
Lorena Caldeira,625.***.***-60,53,54.0,"praça ana luiza fernandes, 5",conjunto jatoba,Desconhecido
Cauê Nogueira,473.***.***-64,96,97.0,recanto melo,conjunto providencia,Desconhecido
Sra. Yasmin Ferreira,805.***.***-68,85,86.0,"lago de da cunha, 6",custodinha,Desconhecido
Nicole Almeida,529.***.***-79,90,91.0,chácara joão gabriel nogueira,goiania,Desconhecido
Fernando Pereira,560.***.***-59,47,48.0,"trecho de rodrigues, 659",alto das antenas,Desconhecido
Breno Pereira,916.***.***-91,28,30.0,"residencial gabriela azevedo, 35",vila rica,Desconhecido
Clara Dias,190.***.***-50,38,40.0,"conjunto da conceição, 39",outro,Desconhecido
Dra. Milena Vieira,237.***.***-87,69,71.0,"campo camila das neves, 14",granja de freitas,Desconhecido
Vitor Gabriel Porto,394.***.***-43,86,88.0,"residencial luiza correia, 598",savassi,Desconhecido
Sr. Erick Da Rosa,971.***.***-84,25,27.0,núcleo de caldeira,vila são joão batista,Desconhecido
Marcos Vinicius Da Cunha,709.***.***-04,32,33.0,"lagoa de rodrigues, 23",vila nova,Desconhecido
Sra. Nina Pires,651.***.***-26,44,45.0,"viela eloah cunha, 42",vila suzana primeira seção,Desconhecido
Felipe Ribeiro,259.***.***-60,77,78.0,"núcleo maria julia cunha, 21",vila santa rosa,Desconhecido
Maria Julia Porto,864.***.***-07,35,36.0,alameda nascimento,vila suzana primeira seção,Desconhecido
Pedro Cardoso,125.***.***-50,35,36.0,"travessa de da rosa, 86",itaipu,Desconhecido
Rebeca Da Paz,047.***.***-66,57,59.0,"sítio de costa, 5",pantanal,Desconhecido
Enrico Gonçalves,637.***.***-46,84,84.0,campo bernardo barros,conjunto são francisco de assis,Desconhecido
Murilo Campos,031.***.***-22,97,99.0,recanto silva,joão paulo ii,Desconhecido
Olivia Porto,608.***.***-65,38,39.0,"conjunto almeida, 3",bela vitoria,Desconhecido
Mirella Da Conceição,854.***.***-05,39,40.0,"pátio joão lucas cardoso, 77",maria tereza,Desconhecido
Stephany Cardoso,453.***.***-46,89,91.0,"praia luiz gustavo da luz, 83",são joão batista,Desconhecido
Sr. Enrico Melo,829.***.***-89,99,,"esplanada farias, 252",caetano furquim,Desconhecido
Dr. Gabriel Souza,432.***.***-52,23,24.0,"rodovia de costela, 116",são geraldo,Desconhecido
Davi Jesus,914.***.***-70,51,52.0,"quadra vieira, 230",cdi jatoba,Desconhecido
Guilherme Freitas,517.***.***-07,43,45.0,"trecho de caldeira, 369",santa sofia,Desconhecido
Theo Costa,705.***.***-49,81,83.0,"largo joão santos, 10",vila batik,Desconhecido
Dr. Gustavo Henrique Das Neves,430.***.***-00,98,99.0,"setor juliana fogaça, 605",piraja,Desconhecido
Maria Luiza Gomes,821.***.***-53,79,81.0,"área ana vitória martins, 56",xodo-marize,Desconhecido
Davi Lucas Peixoto,610.***.***-07,36,38.0,"área thomas moraes, 58",canaa,Desconhecido
Bruna Almeida,610.***.***-57,72,72.0,"chácara mendes, 64",varzea da palma,Desconhecido
Juliana Ramos,846.***.***-05,20,22.0,"vale de duarte, 5",horto florestal,Desconhecido
Sarah Nascimento,560.***.***-99,77,78.0,"alameda das neves, 1",planalto,Desconhecido
Brenda Da Luz,037.***.***-22,74,75.0,"viela danilo farias, 54",lagoa,Desconhecido
Heloísa Da Costa,648.***.***-19,80,82.0,"favela correia, 6",vila dos anjos,Desconhecido
Emanuella Araújo,758.***.***-82,64,64.0,rodovia maria julia peixoto,jardim guanabara,Desconhecido
Vitor Viana,036.***.***-34,65,67.0,"trecho de oliveira, 41",urca,Desconhecido
Yago Lopes,720.***.***-59,75,77.0,"lagoa danilo fogaça, 756",nova gameleira,Desconhecido
Lívia Souza,308.***.***-50,35,37.0,"colônia de correia, 93",laranjeiras,Desconhecido
Gabriela Cavalcanti,359.***.***-41,56,58.0,"setor oliveira, 4",são josé,Desconhecido
Enzo Nogueira,309.***.***-00,82,82.0,morro de ferreira,vila são joão batista,Desconhecido
Dr. Ian Barbosa,412.***.***-03,90,92.0,"alameda eduardo barros, 60",gameleira,Desconhecido
Gabriela Rocha,348.***.***-35,34,36.0,"área joaquim nogueira, 98",pedreira padro lopes,Desconhecido
Maria Julia Martins,576.***.***-12,81,83.0,"loteamento de nunes, 83",jatobá,Desconhecido
Dra. Marina Santos,950.***.***-02,57,59.0,"viela alana souza, 456",união,Desconhecido
Heloísa Teixeira,635.***.***-07,87,88.0,"viela de da cruz, 61",bonsucesso,Desconhecido
Paulo Farias,593.***.***-15,72,74.0,"esplanada thomas pires, 33",providencia,Desconhecido
Gabrielly Cardoso,127.***.***-43,95,96.0,estrada da cruz,aparecida,Desconhecido
Davi Aragão,598.***.***-20,35,36.0,"residencial de cardoso, 66",vila santo antônio,Desconhecido
Yago Peixoto,380.***.***-05,95,96.0,"condomínio de nunes, 436",vila betânia,Desconhecido
Erick Da Conceição,983.***.***-83,60,61.0,"morro nunes, 657",ipe,Desconhecido
Isis Araújo,216.***.***-13,69,71.0,"praia de campos, 82",vila oeste,Desconhecido
Dr. Nicolas Rezende,460.***.***-49,41,43.0,"esplanada marcela castro, 36",flavio de oliveira,Desconhecido
Sr. Samuel Nascimento,914.***.***-24,65,67.0,setor luana ramos,nova pampulha,Desconhecido
Sra. Maria Fernanda Barbosa,718.***.***-03,89,91.0,"esplanada pedro nascimento, 71",vila são paulo,Desconhecido
Luiz Felipe Farias,069.***.***-74,80,81.0,"favela kaique fogaça, 19",castelo,Desconhecido
Sr. Calebe Silva,402.***.***-49,61,62.0,rodovia de castro,santa branca,Desconhecido
Emanuella Gonçalves,107.***.***-02,69,71.0,Endereco invalido,Desconhecido,Desconhecido
Augusto Oliveira,246.***.***-17,32,32.0,"colônia costa, 81",vera cruz,Desconhecido
Pedro Azevedo,953.***.***-65,68,69.0,"vale vieira, 49",comiteco,Desconhecido
Sra. Maria Luiza Fogaça,650.***.***-06,67,69.0,"recanto de moreira, 426",santo agostinho,Desconhecido
Eduarda Oliveira,365.***.***-83,58,59.0,"sítio clarice sales, 99",silveira,Desconhecido
Paulo Ramos,490.***.***-43,21,23.0,sítio azevedo,vila mantiqueira,Desconhecido
Beatriz Pires,275.***.***-21,34,35.0,recanto de castro,centro,Desconhecido
Fernando Azevedo,790.***.***-99,28,30.0,"estação rafael nunes, 90",jardim são josé,Desconhecido
Eloah Silva,037.***.***-61,89,89.0,"viela da rocha, 160",barão homem de melo 2ª seção,Desconhecido
Caio Araújo,407.***.***-14,34,36.0,"morro ribeiro, 11",casa branca,Desconhecido
Sra. Valentina Sales,269.***.***-31,84,86.0,"sítio ramos, 73",cachoeirinha,Desconhecido
Melissa Cunha,719.***.***-73,25,26.0,"ladeira luiza pinto, 9",conjunto minas caixa,Desconhecido
Laís Da Paz,139.***.***-33,97,98.0,"lagoa cavalcanti, 12",vila ecológica,Desconhecido
Heitor Silveira,183.***.***-89,89,90.0,avenida azevedo,santa maria,Desconhecido
Fernanda Moraes,064.***.***-44,45,46.0,"avenida rocha, 13",alta tensão 2ª seção,Desconhecido
Alana Souza,801.***.***-42,50,52.0,"praia moreira, 1",cardoso,Desconhecido
Srta. Caroline Da Rosa,192.***.***-98,51,52.0,"passarela rocha, 96",buraco quente,Desconhecido
Stephany Vieira,682.***.***-22,46,47.0,"travessa guilherme carvalho, 7",jonas veiga,Desconhecido
Enzo Barros,794.***.***-16,67,68.0,"estação fernandes, 85",nova floresta,Desconhecido
Caroline Peixoto,036.***.***-30,66,68.0,"loteamento thales pires, 51",vila união,Desconhecido
Maria Vitória Novaes,804.***.***-58,39,41.0,"via vieira, 26",ouro preto,Desconhecido
Bruna Moura,240.***.***-06,94,95.0,"quadra amanda martins, 4",universo,Desconhecido
Maitê Peixoto,501.***.***-58,61,63.0,"distrito caldeira, 95",serra,Desconhecido
Dr. Anthony Barbosa,749.***.***-20,20,21.0,"distrito de fogaça, 13",pompéia,Desconhecido
Alexandre Jesus,269.***.***-34,69,70.0,"aeroporto de fogaça, 74",vila santa monica 2ª seção,Desconhecido
Marcos Vinicius Campos,421.***.***-22,45,47.0,"trecho de barbosa, 7",são josé,Desconhecido
João Miguel Moura,371.***.***-05,129,,"praça de costela, 38",renascença,Desconhecido
Ana Júlia Cardoso,096.***.***-00,106,,"praia da mata, 88",vila piratininga venda nova,Desconhecido
Stella Rodrigues,870.***.***-92,126,,"loteamento maria alice costela, 63",santa maria,Desconhecido
Rebeca Da Rosa,640.***.***-22,11,12.0,trecho da mata,barroca,Desconhecido
Henrique Monteiro,378.***.***-73,6,7.0,"largo theo silva, 91",nossa senhora da conceição,Desconhecido
Ana Beatriz Teixeira,243.***.***-17,108,,"viaduto ferreira, 22",goiania,Desconhecido
Luigi Da Rosa,316.***.***-87,5,6.0,"pátio de rocha, 4",cinquentenário,Desconhecido
Melissa Dias,170.***.***-05,10,10.0,"quadra isabel castro, 40",biquinhas,Desconhecido
Beatriz Nunes,483.***.***-44,129,,"praça das neves, 274",são jorge 3ª seção,Desconhecido
Raquel Campos,213.***.***-13,124,,"estação ana lívia farias, 3",vila santa rosa,Desconhecido
Alícia Nascimento,578.***.***-59,111,,"aeroporto alícia vieira, 84",comiteco,Desconhecido
Maria Julia Vieira,495.***.***-67,119,,"vale oliveira, 15",gameleira,Desconhecido
Igor Ramos,695.***.***-77,6,7.0,"lago de caldeira, 4",beija flor,Desconhecido
Alice Cardoso,123.***.***-09,4,6.0,"viaduto araújo, 76",são bento,Desconhecido
Julia Das Neves,201.***.***-32,122,,"praça maria sophia da cunha, 71",vila batik,Desconhecido
Kamilly Rezende,470.***.***-74,140,,"setor de pires, 39",conjunto jatoba,Desconhecido
Breno Freitas,205.***.***-41,16,17.0,"loteamento de ferreira, 24",nova suíça,Desconhecido
Ana Lívia Da Paz,347.***.***-69,17,19.0,"ladeira gomes, 10",califórnia,Desconhecido
Sr. Daniel Cavalcanti,609.***.***-33,6,7.0,"núcleo de da paz, 894",sion,Desconhecido
Sr. Pedro Cavalcanti,863.***.***-84,1,3.0,recanto de melo,nossa senhora do rosário,Desconhecido
João Melo,053.***.***-20,5225,,"via de santos, 172",jardinópolis,Desconhecido
Eloah Viana,694.***.***-22,8890,,"chácara isabella melo, 9",engenho nogueira,Desconhecido
Catarina Vieira,631.***.***-28,6850,,"lagoa moraes, 1",fazendinha,Desconhecido
Dra. Emanuelly Da Luz,549.***.***-20,-398,,"trevo peixoto, 13",jardim alvorada,Desconhecido
Júlia Araújo,324.***.***-14,4068,,"passarela de alves, 45",conjunto celso machado,Desconhecido
Enrico Aragão,496.***.***-34,2841,,trevo de porto,jardim leblon,Desconhecido
Sr. Bruno Pires,428.***.***-49,-283,,"quadra pinto, 896",nova gameleira,Desconhecido
Daniela Freitas,786.***.***-28,-620,,"aeroporto de pires, 59",nossa senhora da conceição,Desconhecido
Samuel Caldeira,801.***.***-86,3324,,campo monteiro,cabana do pai tomás,Desconhecido
Nome invalido,930.***.***-38,38,40.0,"colônia da rocha, 31",jardim américa,Desconhecido
Nome invalido,146.***.***-00,93,94.0,"estrada nogueira, 21",atila de paiva,Desconhecido
Renan Da Luz,294.***.***-23,74,75.0,rua não cadastrada,bairro não cadastrado,Desconhecido
Caroline Costa,401.***.***-88,21,22.0,rua não cadastrada,bairro não cadastrado,Desconhecido
Giovanna Farias,241.***.***-35,40,42.0,rua não cadastrada,bairro não cadastrado,Desconhecido
Maitê Araújo,496.***.***-55,52,54.0,rua não cadastrada,bairro não cadastrado,Desconhecido
Lavínia Da Mota,039.***.***-00,21,21.0,rua não cadastrada,bairro não cadastrado,Desconhecido
Igor Cardoso,345.***.***-05,49,49.0,rua não cadastrada,bairro não cadastrado,Desconhecido
Maria Julia Campos,018.***.***-13,98,100.0,rua não cadastrada,bairro não cadastrado,Desconhecido
Marcos Vinicius Das Neves,617.***.***-02,86,86.0,rua não cadastrada,bairro não cadastrado,Desconhecido
Isabel Barbosa,986.***.***-02,26,28.0,rua não cadastrada,bairro não cadastrado,Desconhecido
Ryan Gomes,861.***.***-60,57,59.0,rua não cadastrada,bairro não cadastrado,Desconhecido
Breno Duarte,463.***.***-98,66,68.0,rua não cadastrada,bairro não cadastrado,Desconhecido
Eloah Peixoto,064.***.***-16,79,80.0,rua não cadastrada,bairro não cadastrado,Desconhecido
Luiza Sales,726.***.***-80,55,57.0,rua não cadastrada,bairro não cadastrado,Desconhecido
Dr. Alexandre Sales,427.***.***-40,87,89.0,rua não cadastrada,bairro não cadastrado,Desconhecido
Alícia Campos,162.***.***-94,49,50.0,rua não cadastrada,bairro não cadastrado,Desconhecido
Luigi Porto,826.***.***-83,43,45.0,"parque de santos, 88",são joão,Desconhecido
